,MemberOf,SAMAccountName,Version,Volume,_id
0,TRVGRP--d41d8cd98f,MUO535,2,VOLDATAH,5a685d102525b99975922bba
1,TRVGRP-HOM-12f61ce262,LMPR,2,VOLDATAH,5a685d102525b99975922bbe
2,TRVGRP-HOM-12f61ce262,HBW809,2,VOLDATAH,5a685d102525b99975922bc1
3,TRVGRP-HOM-12f61ce262,MFR349,2,VOLDATAH,5a685d102525b99975922bc4
4,TRVGRP-HOM-12f61ce262,STEARTH3,2,VOLDATAH,5a685d102525b99975922bc7
5,TRVGRP-HOM-12f61ce262,KLBE,2,VOLDATAH,5a685d102525b99975922bca
6,TRVGRP-HOM-12f61ce262,PIGISTE2,2,VOLDATAH,5a685d102525b99975922bcd
7,TRVGRP-HOM-12f61ce262,CVIT,2,VOLDATAH,5a685d102525b99975922bd0
8,TRVGRP-HOM-12f61ce262,OLL635,2,VOLDATAH,5a685d102525b99975922bd3
9,TRVGRP-HOM-12f61ce262,VSD421,2,VOLDATAH,5a685d102525b99975922bd6
10,TRVGRP-HOM-12f61ce262,ABAD,2,VOLDATAH,5a685d102525b99975922bd9
11,TRVGRP-HOM-12f61ce262,FPV976,2,VOLDATAH,5a685d102525b99975922bdc
12,TRVGRP-HOM-12f61ce262,RIG317,2,VOLDATAH,5a685d112525b99975922bdf
13,TRVGRP-HOM-12f61ce262,KDS944,2,VOLDATAH,5a685d112525b99975922be2
14,TRVGRP-HOM-12f61ce262,ACCUEIL1,2,VOLDATAH,5a685d112525b99975922be5
15,TRVGRP-HOM-12f61ce262,GIF939,2,VOLDATAH,5a685d112525b99975922be8
16,TRVGRP-HOM-12f61ce262,WOR020,2,VOLDATAH,5a685d112525b99975922beb
17,TRVGRP-HOM-12f61ce262,ZKM894,2,VOLDATAH,5a685d112525b99975922bee
18,TRVGRP-HOM-12f61ce262,AJJ639,2,VOLDATAH,5a685d112525b99975922bf1
19,TRVGRP-HOM-12f61ce262,AGRE,2,VOLDATAH,5a685d112525b99975922bf4
20,TRVGRP-HOM-12f61ce262,AHDD,2,VOLDATAH,5a685d112525b99975922bf7
21,TRVGRP-HOM-12f61ce262,QMT594,2,VOLDATAH,5a685d112525b99975922bfa
22,TRVGRP-HOM-12f61ce262,AKIN,2,VOLDATAH,5a685d112525b99975922bfd
23,TRVGRP-HOM-12f61ce262,WHB662,2,VOLDATAH,5a685d112525b99975922c00
24,TRVGRP-HOM-12f61ce262,ALFT,2,VOLDATAH,5a685d112525b99975922c03
25,TRVGRP-HOM-12f61ce262,AMRX,2,VOLDATAH,5a685d112525b99975922c06
26,TRVGRP-HOM-12f61ce262,KDE014,2,VOLDATAH,5a685d112525b99975922c09
27,TRVGRP-HOM-12f61ce262,SHW644,2,VOLDATAH,5a685d112525b99975922c0c
28,TRVGRP-HOM-12f61ce262,BDV628,2,VOLDATAH,5a685d112525b99975922c0f
29,TRVGRP-HOM-12f61ce262,archives,2,VOLDATAH,5a685d112525b99975922c12
30,TRVGRP-HOM-12f61ce262,RJJ625,2,VOLDATAH,5a685d112525b99975922c15
31,TRVGRP-HOM-12f61ce262,QWM698,2,VOLDATAH,5a685d112525b99975922c18
32,TRVGRP-HOM-12f61ce262,PRL684,2,VOLDATAH,5a685d112525b99975922c1b
33,TRVGRP-HOM-12f61ce262,ASFT,2,VOLDATAH,5a685d112525b99975922c1e
34,TRVGRP-HOM-12f61ce262,UYN913,2,VOLDATAH,5a685d112525b99975922c21
35,TRVGRP-HOM-12f61ce262,ASRR,2,VOLDATAH,5a685d112525b99975922c24
36,TRVGRP-HOM-12f61ce262,FZU550,2,VOLDATAH,5a685d112525b99975922c27
37,TRVGRP-HOM-12f61ce262,HKU340,2,VOLDATAH,5a685d112525b99975922c2a
38,TRVGRP-HOM-12f61ce262,AUDIT_MAF,2,VOLDATAH,5a685d112525b99975922c2d
39,TRVGRP-HOM-12f61ce262,AUTOLIB1,2,VOLDATAH,5a685d112525b99975922c30
40,TRVGRP-HOM-12f61ce262,AUTOLIB2,2,VOLDATAH,5a685d112525b99975922c33
41,TRVGRP-HOM-12f61ce262,AUTOLIB3,2,VOLDATAH,5a685d112525b99975922c36
42,TRVGRP-HOM-12f61ce262,FTF389,2,VOLDATAH,5a685d112525b99975922c39
43,TRVGRP-HOM-12f61ce262,AVNE,2,VOLDATAH,5a685d112525b99975922c3c
44,TRVGRP-HOM-12f61ce262,OVQ256,2,VOLDATAH,5a685d112525b99975922c3f
45,TRVGRP-HOM-12f61ce262,LSK450,2,VOLDATAH,5a685d112525b99975922c42
46,TRVGRP-HOM-12f61ce262,KXU805,2,VOLDATAH,5a685d112525b99975922c45
47,TRVGRP-HOM-12f61ce262,EYR192,2,VOLDATAH,5a685d112525b99975922c48
48,TRVGRP-HOM-12f61ce262,BCVE,2,VOLDATAH,5a685d112525b99975922c4b
49,TRVGRP-HOM-12f61ce262,BDTD,2,VOLDATAH,5a685d112525b99975922c4e
50,TRVGRP-HOM-12f61ce262,JIV604,2,VOLDATAH,5a685d112525b99975922c51
51,TRVGRP-HOM-12f61ce262,BGDN,2,VOLDATAH,5a685d112525b99975922c54
52,TRVGRP-HOM-12f61ce262,VGS078,2,VOLDATAH,5a685d112525b99975922c57
53,TRVGRP-HOM-12f61ce262,EJC191,2,VOLDATAH,5a685d112525b99975922c5a
54,TRVGRP-HOM-12f61ce262,TYE450,2,VOLDATAH,5a685d112525b99975922c5d
55,TRVGRP-HOM-12f61ce262,BRG,2,VOLDATAH,5a685d112525b99975922c60
56,TRVGRP-HOM-12f61ce262,UMR612,2,VOLDATAH,5a685d112525b99975922c63
57,TRVGRP-HOM-12f61ce262,RNM473,2,VOLDATAH,5a685d112525b99975922c66
58,TRVGRP-HOM-12f61ce262,EZI653,2,VOLDATAH,5a685d112525b99975922c69
59,TRVGRP-HOM-12f61ce262,AUW076,2,VOLDATAH,5a685d112525b99975922c6c
60,TRVGRP-HOM-12f61ce262,JPS180,2,VOLDATAH,5a685d112525b99975922c6f
61,TRVGRP-HOM-12f61ce262,CCNS,2,VOLDATAH,5a685d112525b99975922c72
62,TRVGRP-HOM-12f61ce262,JSA402,2,VOLDATAH,5a685d112525b99975922c75
63,TRVGRP-HOM-12f61ce262,KYI634,2,VOLDATAH,5a685d112525b99975922c78
64,TRVGRP-HOM-12f61ce262,BBM545,2,VOLDATAH,5a685d112525b99975922c7b
65,TRVGRP-HOM-12f61ce262,PAS313,2,VOLDATAH,5a685d112525b99975922c7e
66,TRVGRP-HOM-12f61ce262,CDOG,2,VOLDATAH,5a685d112525b99975922c81
67,TRVGRP-HOM-12f61ce262,YOP035,2,VOLDATAH,5a685d112525b99975922c84
68,TRVGRP-HOM-12f61ce262,CGOE,2,VOLDATAH,5a685d112525b99975922c87
69,TRVGRP-HOM-12f61ce262,CGWL,2,VOLDATAH,5a685d112525b99975922c8a
70,TRVGRP-HOM-12f61ce262,LUQ428,2,VOLDATAH,5a685d112525b99975922c8d
71,TRVGRP-HOM-12f61ce262,HUM427,2,VOLDATAH,5a685d112525b99975922c90
72,TRVGRP-HOM-12f61ce262,GOM853,2,VOLDATAH,5a685d112525b99975922c93
73,TRVGRP-HOM-12f61ce262,XOQ860,2,VOLDATAH,5a685d112525b99975922c96
74,TRVGRP-HOM-12f61ce262,QWV484,2,VOLDATAH,5a685d112525b99975922c99
75,TRVGRP-HOM-12f61ce262,ZQK133,2,VOLDATAH,5a685d112525b99975922c9c
76,TRVGRP-HOM-12f61ce262,CLVN,2,VOLDATAH,5a685d112525b99975922c9f
77,TRVGRP-HOM-12f61ce262,CMBL,2,VOLDATAH,5a685d112525b99975922ca2
78,TRVGRP-HOM-12f61ce262,OJK230,2,VOLDATAH,5a685d112525b99975922ca5
79,TRVGRP-HOM-12f61ce262,CMRU,2,VOLDATAH,5a685d112525b99975922ca8
80,TRVGRP-HOM-12f61ce262,THI455,2,VOLDATAH,5a685d112525b99975922cab
81,TRVGRP-HOM-12f61ce262,CONSM1,2,VOLDATAH,5a685d112525b99975922cae
82,TRVGRP-HOM-12f61ce262,COURRIE8,2,VOLDATAH,5a685d112525b99975922cb1
83,TRVGRP-HOM-12f61ce262,QJK032,2,VOLDATAH,5a685d112525b99975922cb4
84,TRVGRP-HOM-12f61ce262,CPI694,2,VOLDATAH,5a685d112525b99975922cb7
85,TRVGRP-HOM-12f61ce262,NHH017,2,VOLDATAH,5a685d112525b99975922cba
86,TRVGRP-HOM-12f61ce262,CVK678,2,VOLDATAH,5a685d112525b99975922cbd
87,TRVGRP-HOM-12f61ce262,PYJ277,2,VOLDATAH,5a685d112525b99975922cc0
88,TRVGRP-HOM-12f61ce262,CVDR,2,VOLDATAH,5a685d112525b99975922cc3
89,TRVGRP-HOM-12f61ce262,ASR670,2,VOLDATAH,5a685d112525b99975922cc6
90,TRVGRP-HOM-12f61ce262,UEX019,2,VOLDATAH,5a685d112525b99975922cc9
91,TRVGRP-HOM-12f61ce262,DAON,2,VOLDATAH,5a685d112525b99975922ccc
92,TRVGRP-HOM-12f61ce262,UJF708,2,VOLDATAH,5a685d112525b99975922ccf
93,TRVGRP-HOM-12f61ce262,SGD011,2,VOLDATAH,5a685d112525b99975922cd2
94,TRVGRP-HOM-12f61ce262,TJH375,2,VOLDATAH,5a685d112525b99975922cd5
95,TRVGRP-HOM-12f61ce262,DIRACHAT,2,VOLDATAH,5a685d112525b99975922cd8
96,TRVGRP-HOM-12f61ce262,DWB631,2,VOLDATAH,5a685d112525b99975922cdb
97,TRVGRP-HOM-12f61ce262,INX441,2,VOLDATAH,5a685d112525b99975922cde
98,TRVGRP-HOM-12f61ce262,DKU049,2,VOLDATAH,5a685d112525b99975922ce1
99,TRVGRP-HOM-12f61ce262,TJF047,2,VOLDATAH,5a685d112525b99975922ce4
100,TRVGRP-HOM-12f61ce262,HMF554,2,VOLDATAH,5a685d112525b99975922ce7
101,TRVGRP-HOM-12f61ce262,DVVR,2,VOLDATAH,5a685d112525b99975922cea
102,TRVGRP-HOMCGS-820f8a4058,CGOE,2,VOLDATAH,5a685d112525b99975922ced
103,TRVGRP-HOMCMBexL-3345f969d1,CMBL,2,VOLDATAH,5a685d112525b99975922cf0
104,TRVGRP-HOM-12f61ce262,DWTS,2,VOLDATAH,5a685d112525b99975922cf5
105,TRVGRP-HOM-12f61ce262,ECBD,2,VOLDATAH,5a685d112525b99975922cf8
106,TRVGRP-HOM-12f61ce262,QQO987,2,VOLDATAH,5a685d112525b99975922cfb
107,TRVGRP-HOM-12f61ce262,EDDE,2,VOLDATAH,5a685d112525b99975922cfe
108,TRVGRP-HOM-12f61ce262,EDNS,2,VOLDATAH,5a685d112525b99975922d01
109,TRVGRP-HOM-12f61ce262,EDRS,2,VOLDATAH,5a685d112525b99975922d04
110,TRVGRP-HOM-12f61ce262,JFA386,2,VOLDATAH,5a685d112525b99975922d07
111,TRVGRP-HOM-12f61ce262,FLJ318,2,VOLDATAH,5a685d112525b99975922d0a
112,TRVGRP-HOM-12f61ce262,EGLN,2,VOLDATAH,5a685d112525b99975922d0d
113,TRVGRP-HOM-12f61ce262,LEC736,2,VOLDATAH,5a685d112525b99975922d10
114,TRVGRP-HOM-12f61ce262,CPR339,2,VOLDATAH,5a685d112525b99975922d13
115,TRVGRP-HOM-12f61ce262,YKH459,2,VOLDATAH,5a685d112525b99975922d16
116,TRVGRP-HOM-12f61ce262,ESCT,2,VOLDATAH,5a685d112525b99975922d19
117,TRVGRP-HOM-12f61ce262,ETST,2,VOLDATAH,5a685d112525b99975922d1c
118,TRVGRP-HOM-12f61ce262,FPB615,2,VOLDATAH,5a685d112525b99975922d1f
119,TRVGRP-HOM-12f61ce262,ZYJ496,2,VOLDATAH,5a685d112525b99975922d22
120,TRVGRP-HOM-12f61ce262,QIA742,2,VOLDATAH,5a685d112525b99975922d25
121,TRVGRP-HOM-12f61ce262,HRF654,2,VOLDATAH,5a685d112525b99975922d28
122,TRVGRP-HOM-12f61ce262,ZCF965,2,VOLDATAH,5a685d112525b99975922d2b
123,TRVGRP-HOM-12f61ce262,ZDI813,2,VOLDATAH,5a685d112525b99975922d2e
124,TRVGRP-HOM-12f61ce262,YRX187,2,VOLDATAH,5a685d112525b99975922d31
125,TRVGRP-HOM-12f61ce262,FGAS,2,VOLDATAH,5a685d112525b99975922d34
126,TRVGRP-HOM-12f61ce262,QOR597,2,VOLDATAH,5a685d112525b99975922d37
127,TRVGRP-HOM-12f61ce262,IRY948,2,VOLDATAH,5a685d112525b99975922d3a
128,TRVGRP-HOM-12f61ce262,WVY134,2,VOLDATAH,5a685d112525b99975922d3d
129,TRVGRP-HOM-12f61ce262,FIZI,2,VOLDATAH,5a685d112525b99975922d40
130,TRVGRP-HOM-12f61ce262,LTA254,2,VOLDATAH,5a685d112525b99975922d43
131,TRVGRP-HOM-12f61ce262,FLRU,2,VOLDATAH,5a685d112525b99975922d46
132,TRVGRP-HOM-12f61ce262,DSE716,2,VOLDATAH,5a685d112525b99975922d49
133,TRVGRP-HOM-12f61ce262,BVE008,2,VOLDATAH,5a685d112525b99975922d4c
134,TRVGRP-HOM-12f61ce262,FMSU,2,VOLDATAH,5a685d112525b99975922d4f
135,TRVGRP-HOM-12f61ce262,RDN388,2,VOLDATAH,5a685d112525b99975922d52
136,TRVGRP-HOM-12f61ce262,CGY964,2,VOLDATAH,5a685d112525b99975922d55
137,TRVGRP-HOM-12f61ce262,ENB581,2,VOLDATAH,5a685d112525b99975922d58
138,TRVGRP-HOM-12f61ce262,EJS834,2,VOLDATAH,5a685d112525b99975922d5b
139,TRVGRP-HOM-12f61ce262,PFR728,2,VOLDATAH,5a685d112525b99975922d5e
140,TRVGRP-HOM-12f61ce262,FLU654,2,VOLDATAH,5a685d112525b99975922d61
141,TRVGRP-HOM-12f61ce262,MHZ395,2,VOLDATAH,5a685d112525b99975922d64
142,TRVGRP-HOM-12f61ce262,MYM909,2,VOLDATAH,5a685d112525b99975922d67
143,TRVGRP-HOM-12f61ce262,RCM846,2,VOLDATAH,5a685d112525b99975922d6a
144,TRVGRP-HOM-12f61ce262,FORMA1,2,VOLDATAH,5a685d112525b99975922d6d
145,TRVGRP-HOM-12f61ce262,FORMA10,2,VOLDATAH,5a685d112525b99975922d70
146,TRVGRP-HOM-12f61ce262,FORMA2,2,VOLDATAH,5a685d112525b99975922d73
147,TRVGRP-HOM-12f61ce262,FORMA3,2,VOLDATAH,5a685d112525b99975922d76
148,TRVGRP-HOM-12f61ce262,FORMA4,2,VOLDATAH,5a685d112525b99975922d79
149,TRVGRP-HOM-12f61ce262,FORMA5,2,VOLDATAH,5a685d112525b99975922d7c
150,TRVGRP-HOM-12f61ce262,FORMA6,2,VOLDATAH,5a685d112525b99975922d7f
151,TRVGRP-HOM-12f61ce262,FORMA7,2,VOLDATAH,5a685d112525b99975922d82
152,TRVGRP-HOM-12f61ce262,FORMA8,2,VOLDATAH,5a685d112525b99975922d85
153,TRVGRP-HOM-12f61ce262,FORMA9,2,VOLDATAH,5a685d112525b99975922d88
154,TRVGRP-HOM-12f61ce262,WWQ201,2,VOLDATAH,5a685d112525b99975922d8b
155,TRVGRP-HOM-12f61ce262,QQN351,2,VOLDATAH,5a685d112525b99975922d8e
156,TRVGRP-HOM-12f61ce262,IOU600,2,VOLDATAH,5a685d112525b99975922d91
157,TRVGRP-HOM-12f61ce262,IUP252,2,VOLDATAH,5a685d112525b99975922d94
158,TRVGRP-HOM-12f61ce262,GBF915,2,VOLDATAH,5a685d112525b99975922d97
159,TRVGRP-HOM-12f61ce262,GBCD,2,VOLDATAH,5a685d112525b99975922d9a
160,TRVGRP-HOM-12f61ce262,XBS026,2,VOLDATAH,5a685d112525b99975922d9d
161,TRVGRP-HOM-12f61ce262,VAP769,2,VOLDATAH,5a685d112525b99975922da0
162,TRVGRP-HOM-12f61ce262,GJMI,2,VOLDATAH,5a685d112525b99975922da3
163,TRVGRP-HOM-12f61ce262,QUI738,2,VOLDATAH,5a685d112525b99975922da6
164,TRVGRP-HOM-12f61ce262,SIN499,2,VOLDATAH,5a685d112525b99975922da9
165,TRVGRP-HOM-12f61ce262,GZLR,2,VOLDATAH,5a685d112525b99975922dac
166,TRVGRP-HOM-12f61ce262,HCMN,2,VOLDATAH,5a685d112525b99975922daf
167,TRVGRP-HOM-12f61ce262,OTI130,2,VOLDATAH,5a685d112525b99975922db2
168,TRVGRP-HOM-12f61ce262,JHZ077,2,VOLDATAH,5a685d112525b99975922db5
169,TRVGRP-HOM-12f61ce262,PJR892,2,VOLDATAH,5a685d112525b99975922db8
170,TRVGRP-HOM-12f61ce262,XYY564,2,VOLDATAH,5a685d112525b99975922dbb
171,TRVGRP-HOM-12f61ce262,CYE287,2,VOLDATAH,5a685d112525b99975922dbe
172,TRVGRP-HOM-12f61ce262,INSTALL,2,VOLDATAH,5a685d112525b99975922dc1
173,TRVGRP-HOM-12f61ce262,TECHDSI,2,VOLDATAH,5a685d112525b99975922dc4
174,TRVGRP-HOM-12f61ce262,IGN352,2,VOLDATAH,5a685d112525b99975922dc7
175,TRVGRP-HOM-12f61ce262,WQK931,2,VOLDATAH,5a685d112525b99975922dca
176,TRVGRP-HOM-12f61ce262,RIR231,2,VOLDATAH,5a685d112525b99975922dcd
177,TRVGRP-HOM-12f61ce262,JCTE,2,VOLDATAH,5a685d112525b99975922dd0
178,TRVGRP-HOM-12f61ce262,IWI143,2,VOLDATAH,5a685d112525b99975922dd3
179,TRVGRP-HOM-12f61ce262,DNI448,2,VOLDATAH,5a685d112525b99975922dd6
180,TRVGRP-HOM-12f61ce262,TBM687,2,VOLDATAH,5a685d112525b99975922dd9
181,TRVGRP-HOM-12f61ce262,JHII,2,VOLDATAH,5a685d112525b99975922ddc
182,TRVGRP-HOM-12f61ce262,RGB583,2,VOLDATAH,5a685d112525b99975922ddf
183,TRVGRP-HOM-12f61ce262,CUN250,2,VOLDATAH,5a685d112525b99975922de2
184,TRVGRP-HOM-12f61ce262,JLLE,2,VOLDATAH,5a685d112525b99975922de5
185,TRVGRP-HOM-12f61ce262,UHL214,2,VOLDATAH,5a685d112525b99975922de8
186,TRVGRP-HOM-12f61ce262,ECZ747,2,VOLDATAH,5a685d112525b99975922deb
187,TRVGRP-HOM-12f61ce262,VTF915,2,VOLDATAH,5a685d112525b99975922dee
188,TRVGRP-HOM-12f61ce262,BKC671,2,VOLDATAH,5a685d112525b99975922df1
189,TRVGRP-HOM-12f61ce262,DTV898,2,VOLDATAH,5a685d112525b99975922df4
190,TRVGRP-HOM-12f61ce262,JPVS,2,VOLDATAH,5a685d112525b99975922df7
191,TRVGRP-HOM-12f61ce262,IZF148,2,VOLDATAH,5a685d112525b99975922dfa
192,TRVGRP-HOM-12f61ce262,WBR216,2,VOLDATAH,5a685d112525b99975922dfd
193,TRVGRP-HOM-12f61ce262,ZYT854,2,VOLDATAH,5a685d112525b99975922e00
194,TRVGRP-HOM-12f61ce262,JURI04,2,VOLDATAH,5a685d112525b99975922e03
195,TRVGRP-HOM-12f61ce262,JVRN,2,VOLDATAH,5a685d112525b99975922e06
196,TRVGRP-HOM-12f61ce262,GRI085,2,VOLDATAH,5a685d112525b99975922e09
197,TRVGRP-HOM-12f61ce262,AMR184,2,VOLDATAH,5a685d112525b99975922e0c
198,TRVGRP-HOM-12f61ce262,LAUTOLIB,2,VOLDATAH,5a685d112525b99975922e0f
199,TRVGRP-HOM-12f61ce262,LBOE,2,VOLDATAH,5a685d112525b99975922e12
200,TRVGRP-HOM-12f61ce262,LBRR,2,VOLDATAH,5a685d112525b99975922e15
201,TRVGRP-HOM-12f61ce262,QIQ579,2,VOLDATAH,5a685d112525b99975922e18
202,TRVGRP-HOM-12f61ce262,LCTO,2,VOLDATAH,5a685d112525b99975922e1b
203,TRVGRP-HOM-12f61ce262,EGX104,2,VOLDATAH,5a685d112525b99975922e1e
204,TRVGRP-HOM-12f61ce262,LDRU,2,VOLDATAH,5a685d112525b99975922e21
205,TRVGRP-HOM-12f61ce262,ZUA590,2,VOLDATAH,5a685d112525b99975922e24
206,TRVGRP-HOM-12f61ce262,KSU413,2,VOLDATAH,5a685d112525b99975922e27
207,TRVGRP-HOM-12f61ce262,LLIE,2,VOLDATAH,5a685d112525b99975922e2a
208,TRVGRP-HOM-12f61ce262,WBC958,2,VOLDATAH,5a685d112525b99975922e2d
209,TRVGRP-HOM-12f61ce262,WCY503,2,VOLDATAH,5a685d112525b99975922e30
210,TRVGRP-HOM-12f61ce262,NZT792,2,VOLDATAH,5a685d112525b99975922e33
211,TRVGRP-HOM-12f61ce262,NCV794,2,VOLDATAH,5a685d112525b99975922e36
212,TRVGRP-HOM-12f61ce262,ZGD928,2,VOLDATAH,5a685d112525b99975922e39
213,TRVGRP-HOM-12f61ce262,LS1DSI,2,VOLDATAH,5a685d112525b99975922e3c
214,TRVGRP-HOM-12f61ce262,LS2DSI,2,VOLDATAH,5a685d112525b99975922e3f
215,TRVGRP-HOM-12f61ce262,OAP308,2,VOLDATAH,5a685d112525b99975922e42
216,TRVGRP-HOM-12f61ce262,SLG830,2,VOLDATAH,5a685d112525b99975922e45
217,TRVGRP-HOM-12f61ce262,POG463,2,VOLDATAH,5a685d112525b99975922e48
218,TRVGRP-HOM-12f61ce262,INF225,2,VOLDATAH,5a685d112525b99975922e4b
219,TRVGRP-HOM-12f61ce262,LSACHAT1,2,VOLDATAH,5a685d112525b99975922e4e
220,TRVGRP-HOM-12f61ce262,LSACHAT3,2,VOLDATAH,5a685d112525b99975922e51
221,TRVGRP-HOM-12f61ce262,LSACHAT4,2,VOLDATAH,5a685d112525b99975922e54
222,TRVGRP-HOM-12f61ce262,LSACHAT6,2,VOLDATAH,5a685d112525b99975922e57
223,TRVGRP-HOM-12f61ce262,LSACHAT7,2,VOLDATAH,5a685d112525b99975922e5a
224,TRVGRP-HOM-12f61ce262,LSACHAT8,2,VOLDATAH,5a685d112525b99975922e5d
225,TRVGRP-HOM-12f61ce262,LSACHAT9,2,VOLDATAH,5a685d112525b99975922e60
226,TRVGRP-HOM-12f61ce262,LSASSUR1,2,VOLDATAH,5a685d112525b99975922e63
227,TRVGRP-HOM-12f61ce262,LSCN,2,VOLDATAH,5a685d112525b99975922e66
228,TRVGRP-HOM-12f61ce262,LSCONSO1,2,VOLDATAH,5a685d112525b99975922e69
229,TRVGRP-HOM-12f61ce262,HRJ321,2,VOLDATAH,5a685d112525b99975922e6c
230,TRVGRP-HOM-12f61ce262,LSCONSO4,2,VOLDATAH,5a685d112525b99975922e6f
231,TRVGRP-HOM-12f61ce262,LSCONSO5,2,VOLDATAH,5a685d112525b99975922e72
232,TRVGRP-HOM-12f61ce262,LSCPTA2,2,VOLDATAH,5a685d112525b99975922e75
233,TRVGRP-HOM-12f61ce262,LSCPTA3,2,VOLDATAH,5a685d112525b99975922e78
234,TRVGRP-HOM-12f61ce262,LSCPTA4,2,VOLDATAH,5a685d112525b99975922e7b
235,TRVGRP-HOM-12f61ce262,LSCPTA5,2,VOLDATAH,5a685d112525b99975922e7e
236,TRVGRP-HOM-12f61ce262,LSCTGST1,2,VOLDATAH,5a685d112525b99975922e81
237,TRVGRP-HOM-12f61ce262,FQP838,2,VOLDATAH,5a685d112525b99975922e84
238,TRVGRP-HOM-12f61ce262,LSFISCAL,2,VOLDATAH,5a685d112525b99975922e87
239,TRVGRP-HOM-12f61ce262,LDB173,2,VOLDATAH,5a685d112525b99975922e8a
240,TRVGRP-HOM-12f61ce262,LSLT,2,VOLDATAH,5a685d112525b99975922e8d
241,TRVGRP-HOM-12f61ce262,NUS494,2,VOLDATAH,5a685d112525b99975922e90
242,TRVGRP-HOM-12f61ce262,LSRHG1,2,VOLDATAH,5a685d112525b99975922e93
243,TRVGRP-HOM-12f61ce262,LSRHG2,2,VOLDATAH,5a685d112525b99975922e96
244,TRVGRP-HOM-12f61ce262,LSRHH,2,VOLDATAH,5a685d112525b99975922e99
245,TRVGRP-HOM-12f61ce262,LSRHH2,2,VOLDATAH,5a685d112525b99975922e9c
246,TRVGRP-HOM-12f61ce262,LSTRESO1,2,VOLDATAH,5a685d112525b99975922e9f
247,TRVGRP-HOM-12f61ce262,JCZ103,2,VOLDATAH,5a685d112525b99975922ea2
248,TRVGRP-HOM-12f61ce262,MAEY,2,VOLDATAH,5a685d112525b99975922ea5
249,TRVGRP-HOM-12f61ce262,CZB413,2,VOLDATAH,5a685d112525b99975922ea8
250,TRVGRP-HOM-12f61ce262,QUQ515,2,VOLDATAH,5a685d112525b99975922eab
251,TRVGRP-HOM-12f61ce262,NLF518,2,VOLDATAH,5a685d112525b99975922eae
252,TRVGRP-HOM-12f61ce262,BLP562,2,VOLDATAH,5a685d112525b99975922eb1
253,TRVGRP-HOM-12f61ce262,MCRY,2,VOLDATAH,5a685d112525b99975922eb4
254,TRVGRP-HOM-12f61ce262,KNL678,2,VOLDATAH,5a685d112525b99975922eb7
255,TRVGRP-HOM-12f61ce262,FNQ344,2,VOLDATAH,5a685d112525b99975922eba
256,TRVGRP-HOM-12f61ce262,IMH411,2,VOLDATAH,5a685d112525b99975922ebd
257,TRVGRP-HOM-12f61ce262,MGDE,2,VOLDATAH,5a685d112525b99975922ec0
258,TRVGRP-HOM-12f61ce262,VCZ893,2,VOLDATAH,5a685d112525b99975922ec3
259,TRVGRP-HOM-12f61ce262,FZT928,2,VOLDATAH,5a685d112525b99975922ec6
260,TRVGRP-HOM-12f61ce262,BMK188,2,VOLDATAH,5a685d112525b99975922ec9
261,TRVGRP-HOM-12f61ce262,VFT625,2,VOLDATAH,5a685d112525b99975922ecc
262,TRVGRP-HOM-12f61ce262,MHDD,2,VOLDATAH,5a685d112525b99975922ecf
263,TRVGRP-HOM-12f61ce262,LHE203,2,VOLDATAH,5a685d112525b99975922ed2
264,TRVGRP-HOM-12f61ce262,BQF210,2,VOLDATAH,5a685d112525b99975922ed5
265,TRVGRP-HOM-12f61ce262,MJFT,2,VOLDATAH,5a685d112525b99975922ed8
266,TRVGRP-HOM-12f61ce262,QFH101,2,VOLDATAH,5a685d112525b99975922edb
267,TRVGRP-HOM-12f61ce262,MLCR,2,VOLDATAH,5a685d112525b99975922ede
268,TRVGRP-HOM-12f61ce262,FNA660,2,VOLDATAH,5a685d112525b99975922ee1
269,TRVGRP-HOM-12f61ce262,KKM050,2,VOLDATAH,5a685d112525b99975922ee4
270,TRVGRP-HOM-12f61ce262,MMLT,2,VOLDATAH,5a685d112525b99975922ee7
271,TRVGRP-HOM-12f61ce262,MPTR,2,VOLDATAH,5a685d112525b99975922eea
272,TRVGRP-HOM-12f61ce262,NYG230,2,VOLDATAH,5a685d112525b99975922eed
273,TRVGRP-HOM-12f61ce262,DUI496,2,VOLDATAH,5a685d112525b99975922ef0
274,TRVGRP-HOM-12f61ce262,RIH614,2,VOLDATAH,5a685d112525b99975922ef3
275,TRVGRP-HOM-12f61ce262,MSZE,2,VOLDATAH,5a685d112525b99975922ef6
276,TRVGRP-HOM-12f61ce262,NAGIOS1,2,VOLDATAH,5a685d112525b99975922ef9
277,TRVGRP-HOM-12f61ce262,NAGIOS2,2,VOLDATAH,5a685d112525b99975922efc
278,TRVGRP-HOM-12f61ce262,UYD743,2,VOLDATAH,5a685d112525b99975922eff
279,TRVGRP-HOM-12f61ce262,NCAR,2,VOLDATAH,5a685d112525b99975922f02
280,TRVGRP-HOM-12f61ce262,QAZ081,2,VOLDATAH,5a685d112525b99975922f05
281,TRVGRP-HOM-12f61ce262,PNS166,2,VOLDATAH,5a685d112525b99975922f08
282,TRVGRP-HOM-12f61ce262,TPN690,2,VOLDATAH,5a685d112525b99975922f0b
283,TRVGRP-HOM-12f61ce262,NPES,2,VOLDATAH,5a685d112525b99975922f0e
284,TRVGRP-HOM-12f61ce262,NPHU,2,VOLDATAH,5a685d112525b99975922f11
285,TRVGRP-HOM-12f61ce262,PZW947,2,VOLDATAH,5a685d112525b99975922f14
286,TRVGRP-HOM-12f61ce262,NTPN,2,VOLDATAH,5a685d112525b99975922f17
287,TRVGRP-HOM-12f61ce262,KWX514,2,VOLDATAH,5a685d112525b99975922f1a
288,TRVGRP-HOM-12f61ce262,JFX667,2,VOLDATAH,5a685d112525b99975922f1d
289,TRVGRP-HOM-12f61ce262,YCX927,2,VOLDATAH,5a685d112525b99975922f20
290,TRVGRP-HOM-12f61ce262,PBBN,2,VOLDATAH,5a685d112525b99975922f23
291,TRVGRP-HOM-12f61ce262,EQR550,2,VOLDATAH,5a685d112525b99975922f26
292,TRVGRP-HOM-12f61ce262,PCSL,2,VOLDATAH,5a685d112525b99975922f29
293,TRVGRP-HOM-12f61ce262,PDGD,2,VOLDATAH,5a685d112525b99975922f2c
294,TRVGRP-HOM-12f61ce262,QJR697,2,VOLDATAH,5a685d112525b99975922f2f
295,TRVGRP-HOM-12f61ce262,PGBN,2,VOLDATAH,5a685d112525b99975922f32
296,TRVGRP-HOM-12f61ce262,WLT267,2,VOLDATAH,5a685d112525b99975922f35
297,TRVGRP-HOM-12f61ce262,YMK530,2,VOLDATAH,5a685d112525b99975922f38
298,TRVGRP-HOM-12f61ce262,RYS218,2,VOLDATAH,5a685d112525b99975922f3b
299,TRVGRP-HOM-12f61ce262,BFE032,2,VOLDATAH,5a685d112525b99975922f3e
300,TRVGRP-HOM-12f61ce262,COU585,2,VOLDATAH,5a685d122525b99975922f41
301,TRVGRP-HOM-12f61ce262,TVS464,2,VOLDATAH,5a685d122525b99975922f44
302,TRVGRP-HOM-12f61ce262,LLB176,2,VOLDATAH,5a685d122525b99975922f47
303,TRVGRP-HOM-12f61ce262,PLNY,2,VOLDATAH,5a685d122525b99975922f4a
304,TRVGRP-HOM-12f61ce262,PLPY,2,VOLDATAH,5a685d122525b99975922f4d
305,TRVGRP-HOM-12f61ce262,PQM953,2,VOLDATAH,5a685d122525b99975922f50
306,TRVGRP-HOM-12f61ce262,PSAI,2,VOLDATAH,5a685d122525b99975922f53
307,TRVGRP-HOM-12f61ce262,GQG302,2,VOLDATAH,5a685d122525b99975922f56
308,TRVGRP-HOM-12f61ce262,QBAH,2,VOLDATAH,5a685d122525b99975922f59
309,TRVGRP-HOM-12f61ce262,KWV405,2,VOLDATAH,5a685d122525b99975922f5c
310,TRVGRP-HOM-12f61ce262,RedacFTP,2,VOLDATAH,5a685d122525b99975922f5f
311,TRVGRP-HOM-12f61ce262,REDACFTP1,2,VOLDATAH,5a685d122525b99975922f62
312,TRVGRP-HOM-12f61ce262,REDACFTP2,2,VOLDATAH,5a685d122525b99975922f65
313,TRVGRP-HOM-12f61ce262,ANH752,2,VOLDATAH,5a685d122525b99975922f68
314,TRVGRP-HOM-12f61ce262,NUW353,2,VOLDATAH,5a685d122525b99975922f6b
315,TRVGRP-HOM-12f61ce262,RMAO,2,VOLDATAH,5a685d122525b99975922f6e
316,TRVGRP-HOM-12f61ce262,RSWZ,2,VOLDATAH,5a685d122525b99975922f71
317,TRVGRP-HOM-12f61ce262,IWJ351,2,VOLDATAH,5a685d122525b99975922f74
318,TRVGRP-HOM-12f61ce262,SALLE545,2,VOLDATAH,5a685d122525b99975922f77
319,TRVGRP-HOM-12f61ce262,SBAI,2,VOLDATAH,5a685d122525b99975922f7a
320,TRVGRP-HOMREG-0d812a0df6,JPVS,2,VOLDATAH,5a685d122525b99975922f7d
321,TRVGRP-HOMREG-0d812a0df6,JFX667,2,VOLDATAH,5a685d122525b99975922f80
322,TRVGRP-HOM-12f61ce262,SBLE,2,VOLDATAH,5a685d122525b99975922f83
323,TRVGRP-HOM-12f61ce262,NIU389,2,VOLDATAH,5a685d122525b99975922f86
324,TRVGRP-HOM-12f61ce262,SCIN,2,VOLDATAH,5a685d122525b99975922f89
325,TRVGRP-HOM-12f61ce262,SCLR,2,VOLDATAH,5a685d122525b99975922f8c
326,TRVGRP-HOM-12f61ce262,VZZ582,2,VOLDATAH,5a685d122525b99975922f8f
327,TRVGRP-HOM-12f61ce262,SDGN,2,VOLDATAH,5a685d122525b99975922f92
328,TRVGRP-HOM-12f61ce262,MFD756,2,VOLDATAH,5a685d122525b99975922f95
329,TRVGRP-HOM-12f61ce262,SEEU,2,VOLDATAH,5a685d122525b99975922f98
330,TRVGRP-HOM-12f61ce262,SFRH,2,VOLDATAH,5a685d122525b99975922f9b
331,TRVGRP-HOM-12f61ce262,SFSD,2,VOLDATAH,5a685d122525b99975922f9e
332,TRVGRP-HOM-12f61ce262,SGCA,2,VOLDATAH,5a685d122525b99975922fa1
333,TRVGRP-HOM-12f61ce262,SGIO,2,VOLDATAH,5a685d122525b99975922fa4
334,TRVGRP-HOM-12f61ce262,SJNT,2,VOLDATAH,5a685d122525b99975922fa7
335,TRVGRP-HOM-12f61ce262,ZET275,2,VOLDATAH,5a685d122525b99975922faa
336,TRVGRP-HOM-12f61ce262,SLPO,2,VOLDATAH,5a685d122525b99975922fad
337,TRVGRP-HOM-12f61ce262,UCC292,2,VOLDATAH,5a685d122525b99975922fb0
338,TRVGRP-HOM-12f61ce262,GMJ372,2,VOLDATAH,5a685d122525b99975922fb3
339,TRVGRP-HOM-12f61ce262,CCV446,2,VOLDATAH,5a685d122525b99975922fb6
340,TRVGRP-HOM-12f61ce262,ISW849,2,VOLDATAH,5a685d122525b99975922fb9
341,TRVGRP-HOM-12f61ce262,SPVS,2,VOLDATAH,5a685d122525b99975922fbc
342,TRVGRP-HOM-12f61ce262,SREU,2,VOLDATAH,5a685d122525b99975922fbf
343,TRVGRP-HOM-12f61ce262,SRIN,2,VOLDATAH,5a685d122525b99975922fc2
344,TRVGRP-HOM-12f61ce262,SSEA,2,VOLDATAH,5a685d122525b99975922fc5
345,TRVGRP-HOM-12f61ce262,SSMZ,2,VOLDATAH,5a685d122525b99975922fc8
346,TRVGRP-HOM-12f61ce262,ST1FOND,2,VOLDATAH,5a685d122525b99975922fcb
347,TRVGRP-HOM-12f61ce262,SWD610,2,VOLDATAH,5a685d122525b99975922fce
348,TRVGRP-HOM-12f61ce262,NFG038,2,VOLDATAH,5a685d122525b99975922fd1
349,TRVGRP-HOM-12f61ce262,UQZ815,2,VOLDATAH,5a685d122525b99975922fd4
350,TRVGRP-HOM-12f61ce262,ZCE167,2,VOLDATAH,5a685d122525b99975922fd9
351,TRVGRP-HOM-12f61ce262,Stag62D8,2,VOLDATAH,5a685d122525b99975922fdc
352,TRVGRP-HOM-12f61ce262,STAGEVT2,2,VOLDATAH,5a685d122525b99975922fe1
353,TRVGRP-HOM-12f61ce262,STBMR01,2,VOLDATAH,5a685d122525b99975922fe4
354,TRVGRP-HOM-12f61ce262,URV835,2,VOLDATAH,5a685d122525b99975922fe7
355,TRVGRP-HOM-12f61ce262,IWK797,2,VOLDATAH,5a685d122525b99975922fea
356,TRVGRP-HOM-12f61ce262,ECN214,2,VOLDATAH,5a685d122525b99975922fed
357,TRVGRP-HOM-12f61ce262,STDIRGE2,2,VOLDATAH,5a685d122525b99975922ff0
358,TRVGRP-HOM-12f61ce262,STDIRGE3,2,VOLDATAH,5a685d122525b99975922ff3
359,TRVGRP-HOM-12f61ce262,IZW043,2,VOLDATAH,5a685d122525b99975922ff6
360,TRVGRP-HOM-12f61ce262,STDRHD8,2,VOLDATAH,5a685d122525b99975922ff9
361,TRVGRP-HOM-12f61ce262,STEARTH1,2,VOLDATAH,5a685d122525b99975922ffc
362,TRVGRP-HOM-12f61ce262,STFISCA1,2,VOLDATAH,5a685d122525b99975922fff
363,TRVGRP-HOM-12f61ce262,STMAT01,2,VOLDATAH,5a685d122525b99975923002
364,TRVGRP-HOM-12f61ce262,STOS,2,VOLDATAH,5a685d122525b99975923005
365,TRVGRP-HOM-12f61ce262,PQY897,2,VOLDATAH,5a685d122525b99975923008
366,TRVGRP-HOM-12f61ce262,STREGI13,2,VOLDATAH,5a685d122525b9997592300b
367,TRVGRP-HOM-12f61ce262,UYF406,2,VOLDATAH,5a685d122525b9997592300e
368,TRVGRP-HOM-12f61ce262,IAI874,2,VOLDATAH,5a685d122525b99975923011
369,TRVGRP-HOM-12f61ce262,WTM909,2,VOLDATAH,5a685d122525b99975923014
370,TRVGRP-HOM-12f61ce262,STREGIE4,2,VOLDATAH,5a685d122525b99975923017
371,TRVGRP-HOM-12f61ce262,SQL960,2,VOLDATAH,5a685d122525b9997592301a
372,TRVGRP-HOM-12f61ce262,STREGIE6,2,VOLDATAH,5a685d122525b9997592301d
373,TRVGRP-HOM-12f61ce262,STREGIE7,2,VOLDATAH,5a685d122525b99975923020
374,TRVGRP-HOM-12f61ce262,JNC964,2,VOLDATAH,5a685d122525b99975923023
375,TRVGRP-HOM-12f61ce262,AON557,2,VOLDATAH,5a685d122525b99975923026
376,TRVGRP-HOM-12f61ce262,FWT142,2,VOLDATAH,5a685d122525b99975923029
377,TRVGRP-HOM-12f61ce262,VPW553,2,VOLDATAH,5a685d122525b9997592302c
378,TRVGRP-HOM-12f61ce262,STWEB04,2,VOLDATAH,5a685d122525b9997592302f
379,TRVGRP-HOM-12f61ce262,VKW935,2,VOLDATAH,5a685d122525b99975923032
380,TRVGRP-HOM-12f61ce262,STWEB06,2,VOLDATAH,5a685d122525b99975923035
381,TRVGRP-HOM-12f61ce262,STWEB07,2,VOLDATAH,5a685d122525b99975923038
382,TRVGRP-HOM-12f61ce262,STWEB08,2,VOLDATAH,5a685d122525b9997592303b
383,TRVGRP-HOM-12f61ce262,STWEB09,2,VOLDATAH,5a685d122525b9997592303e
384,TRVGRP-HOM-12f61ce262,STWEB10,2,VOLDATAH,5a685d122525b99975923041
385,TRVGRP-HOM-12f61ce262,SVET,2,VOLDATAH,5a685d122525b99975923044
386,TRVGRP-HOM-12f61ce262,TJLQ,2,VOLDATAH,5a685d122525b99975923047
387,TRVGRP-HOM-12f61ce262,KDB709,2,VOLDATAH,5a685d122525b9997592304a
388,TRVGRP-HOM-12f61ce262,TPAG,2,VOLDATAH,5a685d122525b9997592304d
389,TRVGRP-HOM-12f61ce262,KYU206,2,VOLDATAH,5a685d122525b99975923050
390,TRVGRP-HOM-12f61ce262,UNICAF1,2,VOLDATAH,5a685d122525b99975923053
391,TRVGRP-HOM-12f61ce262,VADN,2,VOLDATAH,5a685d122525b99975923056
392,TRVGRP-HOM-12f61ce262,XTU633,2,VOLDATAH,5a685d122525b99975923059
393,TRVGRP-HOM-12f61ce262,VTW817,2,VOLDATAH,5a685d122525b9997592305c
394,TRVGRP-HOM-12f61ce262,VBSC,2,VOLDATAH,5a685d122525b9997592305f
395,TRVGRP-HOM-12f61ce262,MPH414,2,VOLDATAH,5a685d122525b99975923062
396,TRVGRP-HOM-12f61ce262,PPM761,2,VOLDATAH,5a685d122525b99975923065
397,TRVGRP-HOM-12f61ce262,FLY102,2,VOLDATAH,5a685d122525b99975923068
398,TRVGRP-HOM-12f61ce262,RMD781,2,VOLDATAH,5a685d122525b9997592306b
399,TRVGRP-HOM-12f61ce262,MED811,2,VOLDATAH,5a685d122525b9997592306e
400,TRVGRP-HOM-12f61ce262,SSB295,2,VOLDATAH,5a685d122525b99975923071
401,TRVGRP-HOM-12f61ce262,AKX374,2,VOLDATAH,5a685d122525b99975923074
402,TRVGRP-HOM-12f61ce262,VMEN,2,VOLDATAH,5a685d122525b99975923077
403,TRVGRP-HOM-12f61ce262,VRAD,2,VOLDATAH,5a685d122525b9997592307a
404,TRVGRP-HOM-12f61ce262,VRIY,2,VOLDATAH,5a685d122525b9997592307d
405,TRVGRP-HOM-12f61ce262,UIC701,2,VOLDATAH,5a685d122525b99975923080
406,TRVGRP-HOM-12f61ce262,HFJ290,2,VOLDATAH,5a685d122525b99975923083
407,TRVGRP-HOM-12f61ce262,XDPD,2,VOLDATAH,5a685d122525b99975923086
408,TRVGRP-HOM-12f61ce262,YYL729,2,VOLDATAH,5a685d122525b99975923089
409,TRVGRP-HOM-12f61ce262,RXW735,2,VOLDATAH,5a685d122525b9997592308c
410,TRVGRP-HOMXDP-07f8a18ebc,YBDN,2,VOLDATAH,5a685d122525b9997592308f
411,TRVGRP-HOM-12f61ce262,YBLE,2,VOLDATAH,5a685d122525b99975923092
412,TRVGRP-HOM-12f61ce262,EEX817,2,VOLDATAH,5a685d122525b99975923095
413,TRVGRP-HOM-12f61ce262,NBZ796,2,VOLDATAH,5a685d122525b99975923098
414,TRVGRP-HOM-12f61ce262,VIA550,2,VOLDATAH,5a685d122525b9997592309b
415,TRVGRP-HOM-12f61ce262,YYM647,2,VOLDATAH,5a685d122525b9997592309e
416,TRVGRP-HOM-12f61ce262,MUF207,2,VOLDATAH,5a685d122525b999759230a1
417,TRVGRP-HOM-12f61ce262,HQR252,2,VOLDATAH,5a685d122525b999759230a4
418,TRVGRP-HOM-12f61ce262,MSVR,2,VOLDATAH,5a685d122525b999759230a7
419,TRVGRP-HOM-12f61ce262,SMNN,2,VOLDATAH,5a685d122525b999759230aa
420,TRVGRP-HOM-12f61ce262,STEARTH2,2,VOLDATAH,5a685d122525b999759230ad
421,TRVGRP-HOM-12f61ce262,NBNR,2,VOLDATAH,5a685d122525b999759230b0
422,TRVGRP-HOM-12f61ce262,YFI586,2,VOLDATAH,5a685d122525b999759230b3
423,TRVGRP-HOM-12f61ce262,MACT,2,VOLDATAH,5a685d122525b999759230b6
424,TRVGRP-HOM-12f61ce262,MDIL,2,VOLDATAH,5a685d122525b999759230b9
425,TRVGRP-HOM-12f61ce262,SELY,2,VOLDATAH,5a685d122525b999759230bc
426,TRVGRP-HOM-12f61ce262,LSDG01,2,VOLDATAH,5a685d122525b999759230bf
427,TRVGRP-HOM-12f61ce262,STWEB11,2,VOLDATAH,5a685d122525b999759230c2
428,TRVGRP-HOM-12f61ce262,DCD348,2,VOLDATAH,5a685d122525b999759230c5
429,TRVGRP-HOM-12f61ce262,CLDL,2,VOLDATAH,5a685d122525b999759230c8
430,TRVGRP-HOM-12f61ce262,GZH394,2,VOLDATAH,5a685d122525b999759230cb
431,TRVGRP-HOM-12f61ce262,SHRH,2,VOLDATAH,5a685d122525b999759230ce
432,TRVGRP-HOM-12f61ce262,LSZ146,2,VOLDATAH,5a685d122525b999759230d1
433,TRVGRP-HOM-12f61ce262,JTS944,2,VOLDATAH,5a685d122525b999759230d4
434,TRVGRP-HOM-12f61ce262,ADTS,2,VOLDATAH,5a685d122525b999759230d7
435,TRVGRP-HOM-12f61ce262,EGTF,2,VOLDATAH,5a685d122525b999759230da
436,TRVGRP-HOM-12f61ce262,MCVS,2,VOLDATAH,5a685d122525b999759230dd
437,TRVGRP-HOM-12f61ce262,ZQC045,2,VOLDATAH,5a685d122525b999759230e0
438,TRVGRP-HOM-12f61ce262,HSMN,2,VOLDATAH,5a685d122525b999759230e3
439,TRVGRP-HOM-12f61ce262,FJG763,2,VOLDATAH,5a685d122525b999759230e6
440,TRVGRP-HOM-12f61ce262,UCD134,2,VOLDATAH,5a685d122525b999759230e9
441,TRVGRP-HOM-12f61ce262,TVLN,2,VOLDATAH,5a685d122525b999759230ec
442,TRVGRP-HOM-12f61ce262,APW582,2,VOLDATAH,5a685d122525b999759230ef
443,TRVGRP-HOM-12f61ce262,YUK162,2,VOLDATAH,5a685d122525b999759230f2
444,TRVGRP-HOM-12f61ce262,APPLE2,2,VOLDATAH,5a685d122525b999759230f5
445,TRVGRP-HOM-12f61ce262,FMW088,2,VOLDATAH,5a685d122525b999759230f8
446,TRVGRP-HOM-12f61ce262,VLUT,2,VOLDATAH,5a685d122525b999759230fb
447,TRVGRP-HOM-12f61ce262,FMSI,2,VOLDATAH,5a685d122525b999759230fe
448,TRVGRP-HOM-12f61ce262,KZG970,2,VOLDATAH,5a685d122525b99975923101
449,TRVGRP-HOM-12f61ce262,AJB095,2,VOLDATAH,5a685d122525b99975923104
450,TRVGRP-HOM-12f61ce262,SREZ,2,VOLDATAH,5a685d122525b99975923107
451,TRVGRP-HOM-12f61ce262,OQR491,2,VOLDATAH,5a685d122525b9997592310a
452,TRVGRP-HOM-12f61ce262,GWU593,2,VOLDATAH,5a685d122525b9997592310d
453,TRVGRP-HOM-12f61ce262,OCG780,2,VOLDATAH,5a685d122525b99975923110
454,TRVGRP-HOM-12f61ce262,GEE164,2,VOLDATAH,5a685d122525b99975923113
455,TRVGRP-HOM-12f61ce262,STBMR08,2,VOLDATAH,5a685d122525b99975923116
456,TRVGRP-HOM-12f61ce262,SZD105,2,VOLDATAH,5a685d122525b99975923119
457,TRVGRP-HOM-12f61ce262,CAPTAINF7x,2,VOLDATAH,5a685d122525b9997592311c
458,TRVGRP-HOM-12f61ce262,FIRSTOFFICERF7x,2,VOLDATAH,5a685d122525b9997592311f
459,TRVGRP-HOM-12f61ce262,TECHNICIANF7x,2,VOLDATAH,5a685d122525b99975923122
460,TRVGRP-HOM-12f61ce262,CAPTAING6,2,VOLDATAH,5a685d122525b99975923125
461,TRVGRP-HOM-12f61ce262,FIRSTOFFICERG6,2,VOLDATAH,5a685d122525b99975923128
462,TRVGRP-HOM-12f61ce262,TECHNICIANG6,2,VOLDATAH,5a685d122525b9997592312b
463,TRVGRP-HOM-12f61ce262,LSTECDSI,2,VOLDATAH,5a685d122525b9997592312e
464,TRVGRP-HOM-12f61ce262,CKC764,2,VOLDATAH,5a685d122525b99975923131
465,TRVGRP-HOM-12f61ce262,SMLT,2,VOLDATAH,5a685d122525b99975923134
466,TRVGRP-HOM-12f61ce262,STDMAT05,2,VOLDATAH,5a685d122525b99975923137
467,TRVGRP-HOM-12f61ce262,STBMD01,2,VOLDATAH,5a685d122525b9997592313a
468,TRVGRP-HOM-12f61ce262,LXF256,2,VOLDATAH,5a685d122525b9997592313d
469,TRVGRP-HOM-12f61ce262,XTI334,2,VOLDATAH,5a685d122525b99975923140
470,TRVGRP-HOM-12f61ce262,APOI,2,VOLDATAH,5a685d122525b99975923143
471,TRVGRP-HOM-12f61ce262,FZO059,2,VOLDATAH,5a685d122525b99975923146
472,TRVGRP-HOM-12f61ce262,IDF615,2,VOLDATAH,5a685d122525b99975923149
473,TRVGRP-HOM-12f61ce262,LSCOM01,2,VOLDATAH,5a685d122525b9997592314c
474,TRVGRP-HOM-12f61ce262,CSE339,2,VOLDATAH,5a685d122525b9997592314f
475,TRVGRP-HOM-12f61ce262,STTITRE1,2,VOLDATAH,5a685d122525b99975923152
476,TRVGRP-HOM-12f61ce262,CPOZ,2,VOLDATAH,5a685d122525b99975923155
477,TRVGRP-HOM-12f61ce262,BLX,2,VOLDATAH,5a685d122525b99975923158
478,TRVGRP-HOM-12f61ce262,MLE667,2,VOLDATAH,5a685d122525b9997592315b
479,TRVGRP-HOM-12f61ce262,SLOX,2,VOLDATAH,5a685d122525b9997592315e
480,TRVGRP-HOM-12f61ce262,NSD721,2,VOLDATAH,5a685d122525b99975923161
481,TRVGRP-HOM-12f61ce262,AZD837,2,VOLDATAH,5a685d122525b99975923164
482,TRVGRP-HOM-12f61ce262,FYO972,2,VOLDATAH,5a685d122525b99975923167
483,TRVGRP-HOM-12f61ce262,QLD930,2,VOLDATAH,5a685d122525b9997592316a
484,TRVGRP-HOM-12f61ce262,WEX632,2,VOLDATAH,5a685d122525b9997592316d
485,TRVGRP-HOM-12f61ce262,CXB051,2,VOLDATAH,5a685d122525b99975923170
486,TRVGRP-HOM-12f61ce262,MSIN,2,VOLDATAH,5a685d122525b99975923173
487,TRVGRP-HOM-12f61ce262,MAAD,2,VOLDATAH,5a685d122525b99975923176
488,TRVGRP-HOM-12f61ce262,PILOTES,2,VOLDATAH,5a685d122525b99975923179
489,TRVGRP-HOM-12f61ce262,ABP365,2,VOLDATAH,5a685d122525b9997592317c
490,TRVGRP-HOM-12f61ce262,DJP619,2,VOLDATAH,5a685d122525b9997592317f
491,TRVGRP-HOM-12f61ce262,STDMAT03,2,VOLDATAH,5a685d122525b99975923182
492,TRVGRP-HOM-12f61ce262,KMP585,2,VOLDATAH,5a685d122525b99975923185
493,TRVGRP-HOM-12f61ce262,HVS421,2,VOLDATAH,5a685d122525b99975923188
494,TRVGRP-HOM-12f61ce262,PSN003,2,VOLDATAH,5a685d122525b9997592318b
495,TRVGRP-HOM-12f61ce262,VGC572,2,VOLDATAH,5a685d122525b9997592318e
496,TRVGRP-HOM-12f61ce262,FMB335,2,VOLDATAH,5a685d122525b99975923191
497,TRVGRP-HOM-12f61ce262,STDMAT04,2,VOLDATAH,5a685d122525b99975923194
498,TRVGRP-HOM-12f61ce262,LSCPTA06,2,VOLDATAH,5a685d122525b99975923197
499,TRVGRP-HOM-12f61ce262,KUG533,2,VOLDATAH,5a685d122525b9997592319a
500,TRVGRP-HOM-12f61ce262,TMRE,2,VOLDATAH,5a685d122525b9997592319d
501,TRVGRP-HOM-12f61ce262,AIT478,2,VOLDATAH,5a685d122525b999759231a0
502,TRVGRP-HOM-12f61ce262,PFBI,2,VOLDATAH,5a685d122525b999759231a3
503,TRVGRP-HOM-12f61ce262,CDK015,2,VOLDATAH,5a685d122525b999759231a6
504,TRVGRP-HOM-12f61ce262,CNH121,2,VOLDATAH,5a685d122525b999759231a9
505,TRVGRP-HOM-12f61ce262,ADCL,2,VOLDATAH,5a685d122525b999759231ac
506,TRVGRP-HOM-12f61ce262,DJC848,2,VOLDATAH,5a685d122525b999759231af
507,TRVGRP-HOM-12f61ce262,GJUE,2,VOLDATAH,5a685d122525b999759231b2
508,TRVGRP-HOM-12f61ce262,AMVL,2,VOLDATAH,5a685d122525b999759231b5
509,TRVGRP-HOM-12f61ce262,VVN828,2,VOLDATAH,5a685d122525b999759231b8
510,TRVGRP-HOM-12f61ce262,CLBE,2,VOLDATAH,5a685d122525b999759231bb
511,TRVGRP-HOM-12f61ce262,ARM077,2,VOLDATAH,5a685d122525b999759231be
512,TRVGRP-HOM-12f61ce262,KJI163,2,VOLDATAH,5a685d122525b999759231c1
513,TRVGRP-HOM-12f61ce262,ZDS452,2,VOLDATAH,5a685d122525b999759231c4
514,TRVGRP-HOM-12f61ce262,CAY185,2,VOLDATAH,5a685d122525b999759231c7
515,TRVGRP-HOM-12f61ce262,MWF941,2,VOLDATAH,5a685d122525b999759231ca
516,TRVGRP-HOM-12f61ce262,AMDT,2,VOLDATAH,5a685d122525b999759231cd
517,TRVGRP-HOM-12f61ce262,BFE559,2,VOLDATAH,5a685d122525b999759231d0
518,TRVGRP-HOM-12f61ce262,JGM489,2,VOLDATAH,5a685d122525b999759231d3
519,TRVGRP-HOM-12f61ce262,KFE511,2,VOLDATAH,5a685d122525b999759231d6
520,TRVGRP-HOM-12f61ce262,FEQ608,2,VOLDATAH,5a685d122525b999759231d9
521,TRVGRP-HOM-12f61ce262,STDMAT06,2,VOLDATAH,5a685d122525b999759231dc
522,TRVGRP-HOM-12f61ce262,TLOE,2,VOLDATAH,5a685d122525b999759231df
523,TRVGRP-HOM-12f61ce262,DTP493,2,VOLDATAH,5a685d122525b999759231e2
524,TRVGRP-HOM-12f61ce262,LDX973,2,VOLDATAH,5a685d122525b999759231e5
525,TRVGRP-HOM-12f61ce262,QVL384,2,VOLDATAH,5a685d122525b999759231e8
526,TRVGRP-HOM-12f61ce262,WSF377,2,VOLDATAH,5a685d122525b999759231eb
527,TRVGRP-HOM-12f61ce262,BAUN,2,VOLDATAH,5a685d122525b999759231f0
528,TRVGRP-HOM-12f61ce262,IRD469,2,VOLDATAH,5a685d122525b999759231f7
529,TRVGRP-HOM-12f61ce262,STSECGE1,2,VOLDATAH,5a685d122525b999759231fa
530,TRVGRP-HOM-12f61ce262,LLB297,2,VOLDATAH,5a685d122525b999759231fd
531,TRVGRP-HOM-12f61ce262,RVQ201,2,VOLDATAH,5a685d122525b99975923200
532,TRVGRP-HOM-12f61ce262,TUQ397,2,VOLDATAH,5a685d122525b99975923203
533,TRVGRP-HOM-12f61ce262,VAAS,2,VOLDATAH,5a685d122525b99975923206
534,TRVGRP-HOM-12f61ce262,AYT425,2,VOLDATAH,5a685d122525b99975923209
535,TRVGRP-HOM-12f61ce262,MCBT,2,VOLDATAH,5a685d122525b9997592320c
536,TRVGRP-HOM-12f61ce262,FVEE,2,VOLDATAH,5a685d122525b9997592320f
537,TRVGRP-HOM-12f61ce262,MIS842,2,VOLDATAH,5a685d122525b99975923212
538,TRVGRP-HOM-12f61ce262,XQC432,2,VOLDATAH,5a685d122525b99975923215
539,TRVGRP-HOM-12f61ce262,IEU234,2,VOLDATAH,5a685d122525b99975923218
540,TRVGRP-HOM-12f61ce262,EII422,2,VOLDATAH,5a685d122525b9997592321b
541,TRVGRP-HOM-12f61ce262,JAUN,2,VOLDATAH,5a685d122525b9997592321e
542,TRVGRP-HOM-12f61ce262,AGNA,2,VOLDATAH,5a685d122525b99975923221
543,TRVGRP-HOM-12f61ce262,JOP595,2,VOLDATAH,5a685d122525b99975923224
544,TRVGRP-HOM-12f61ce262,SXB523,2,VOLDATAH,5a685d122525b99975923227
545,TRVGRP-HOM-12f61ce262,PST267,2,VOLDATAH,5a685d122525b9997592322a
546,TRVGRP-HOM-12f61ce262,SRSA,2,VOLDATAH,5a685d122525b9997592322d
547,TRVGRP-HOM-12f61ce262,QSG295,2,VOLDATAH,5a685d122525b99975923230
548,TRVGRP-HOM-12f61ce262,KYZ844,2,VOLDATAH,5a685d122525b99975923233
549,TRVGRP-HOM-12f61ce262,ZPA590,2,VOLDATAH,5a685d122525b99975923236
550,TRVGRP-HOM-12f61ce262,IDE077,2,VOLDATAH,5a685d122525b99975923239
551,TRVGRP-HOM-12f61ce262,FRT596,2,VOLDATAH,5a685d122525b9997592323c
552,TRVGRP-HOM-12f61ce262,NRNL,2,VOLDATAH,5a685d122525b9997592323f
553,TRVGRP-HOM-12f61ce262,AWNK,2,VOLDATAH,5a685d122525b99975923242
554,TRVGRP-HOM-12f61ce262,JLST,2,VOLDATAH,5a685d122525b99975923245
555,TRVGRP-HOM-12f61ce262,LSDRHG1,2,VOLDATAH,5a685d122525b99975923248
556,TRVGRP-HOM-12f61ce262,SNAA,2,VOLDATAH,5a685d122525b9997592324b
557,TRVGRP-HOM-12f61ce262,ARST,2,VOLDATAH,5a685d122525b9997592324e
558,TRVGRP-HOM-12f61ce262,NHE306,2,VOLDATAH,5a685d122525b99975923251
559,TRVGRP-HOM-12f61ce262,MPNI,2,VOLDATAH,5a685d122525b99975923254
560,TRVGRP-HOM-12f61ce262,GYZ531,2,VOLDATAH,5a685d122525b99975923257
561,TRVGRP-HOM-12f61ce262,PRGN,2,VOLDATAH,5a685d122525b9997592325a
562,TRVGRP-HOM-12f61ce262,DGCA,2,VOLDATAH,5a685d122525b9997592325d
563,TRVGRP-HOM-12f61ce262,CFRS,2,VOLDATAH,5a685d122525b99975923260
564,TRVGRP-HOM-12f61ce262,ASG993,2,VOLDATAH,5a685d122525b99975923263
565,TRVGRP-HOM-12f61ce262,NCII,2,VOLDATAH,5a685d122525b99975923266
566,TRVGRP-HOM-12f61ce262,LSCOM02,2,VOLDATAH,5a685d122525b99975923269
567,TRVGRP-HOM-12f61ce262,ASSIB01,2,VOLDATAH,5a685d122525b9997592326c
568,TRVGRP-HOM-12f61ce262,YAJ641,2,VOLDATAH,5a685d122525b9997592326f
569,TRVGRP-HOM-12f61ce262,NRDS,2,VOLDATAH,5a685d122525b99975923272
570,TRVGRP-HOM-12f61ce262,ASSIB02,2,VOLDATAH,5a685d122525b99975923275
571,TRVGRP-HOM-12f61ce262,admin,2,VOLDATAH,5a685d122525b99975923278
572,TRVGRP-HOM-12f61ce262,GXC731,2,VOLDATAH,5a685d122525b9997592327b
573,TRVGRP-HOM-12f61ce262,MRSN,2,VOLDATAH,5a685d122525b9997592327e
574,TRVGRP-HOM-12f61ce262,OLD047,2,VOLDATAH,5a685d122525b99975923281
575,TRVGRP-HOM-12f61ce262,NLS345,2,VOLDATAH,5a685d122525b99975923284
576,TRVGRP-HOM-12f61ce262,EDEE,2,VOLDATAH,5a685d122525b99975923287
577,TRVGRP-HOM-12f61ce262,VHH773,2,VOLDATAH,5a685d122525b9997592328a
578,TRVGRP-HOM-12f61ce262,SSN052,2,VOLDATAH,5a685d122525b9997592328d
579,TRVGRP-HOM-12f61ce262,MYB483,2,VOLDATAH,5a685d122525b99975923290
580,TRVGRP-HOM-12f61ce262,PYZ335,2,VOLDATAH,5a685d122525b99975923293
581,TRVGRP-HOM-12f61ce262,TBAN,2,VOLDATAH,5a685d122525b99975923296
582,TRVGRP-HOM-12f61ce262,TCZ423,2,VOLDATAH,5a685d122525b99975923299
583,TRVGRP-HOM-12f61ce262,JBTN,2,VOLDATAH,5a685d122525b9997592329c
584,TRVGRP-HOM-12f61ce262,WYJ240,2,VOLDATAH,5a685d122525b9997592329f
585,TRVGRP-HOM-12f61ce262,ECR412,2,VOLDATAH,5a685d122525b999759232a2
586,TRVGRP-HOM-12f61ce262,LSRESDSI,2,VOLDATAH,5a685d122525b999759232a5
587,TRVGRP-HOM-12f61ce262,DOX152,2,VOLDATAH,5a685d122525b999759232a8
588,TRVGRP-HOM-12f61ce262,TXN289,2,VOLDATAH,5a685d122525b999759232ab
589,TRVGRP-HOM-12f61ce262,MSRN,2,VOLDATAH,5a685d122525b999759232ae
590,TRVGRP-HOM-12f61ce262,OEG954,2,VOLDATAH,5a685d122525b999759232b1
591,TRVGRP-HOM-12f61ce262,VBL718,2,VOLDATAH,5a685d122525b999759232b4
592,TRVGRP-HOM-12f61ce262,EQS736,2,VOLDATAH,5a685d122525b999759232b7
593,TRVGRP-HOM-12f61ce262,AOOI,2,VOLDATAH,5a685d122525b999759232ba
594,TRVGRP-HOM-12f61ce262,JDAR,2,VOLDATAH,5a685d122525b999759232bd
595,TRVGRP-HOM-12f61ce262,GLRX,2,VOLDATAH,5a685d122525b999759232c0
596,TRVGRP-HOM-12f61ce262,DMP301,2,VOLDATAH,5a685d122525b999759232c3
597,TRVGRP-HOM-12f61ce262,BIH549,2,VOLDATAH,5a685d122525b999759232c6
598,TRVGRP-HOM-12f61ce262,ZWW731,2,VOLDATAH,5a685d122525b999759232c9
599,TRVGRP-HOM-12f61ce262,GPJ976,2,VOLDATAH,5a685d122525b999759232cc
600,TRVGRP-HOM-12f61ce262,RHP286,2,VOLDATAH,5a685d122525b999759232cf
601,TRVGRP-HOM-12f61ce262,PYS578,2,VOLDATAH,5a685d122525b999759232d2
602,TRVGRP-HOM-12f61ce262,AHG951,2,VOLDATAH,5a685d122525b999759232d5
603,TRVGRP-HOM-12f61ce262,KBL345,2,VOLDATAH,5a685d122525b999759232da
604,TRVGRP-HOM-12f61ce262,ARS762,2,VOLDATAH,5a685d122525b999759232dd
605,TRVGRP-HOM-12f61ce262,XYZ617,2,VOLDATAH,5a685d122525b999759232e2
606,TRVGRP-HOM-12f61ce262,STRSE01,2,VOLDATAH,5a685d122525b999759232e5
607,TRVGRP-HOM-12f61ce262,QOL447,2,VOLDATAH,5a685d122525b999759232e8
608,TRVGRP-HOM-12f61ce262,CVRE,2,VOLDATAH,5a685d122525b999759232eb
609,TRVGRP-HOM-12f61ce262,OHJ172,2,VOLDATAH,5a685d122525b999759232ee
610,TRVGRP-HOM-12f61ce262,LMW168,2,VOLDATAH,5a685d122525b999759232f1
611,TRVGRP-HOM-12f61ce262,LRSI,2,VOLDATAH,5a685d122525b999759232f4
612,TRVGRP-HOM-12f61ce262,DRHGRP-ASSUAXASFDM,2,VOLDATAH,5a685d122525b999759232f7
613,TRVGRP-HOM-12f61ce262,CHVD,2,VOLDATAH,5a685d122525b999759232fa
614,TRVGRP-HOM-12f61ce262,JMG190,2,VOLDATAH,5a685d122525b999759232fd
615,TRVGRP-HOM-12f61ce262,AAG997,2,VOLDATAH,5a685d122525b99975923300
616,TRVGRP-HOM-12f61ce262,VKZ199,2,VOLDATAH,5a685d122525b99975923303
617,TRVGRP-HOM-12f61ce262,LSNT,2,VOLDATAH,5a685d122525b99975923306
618,TRVGRP-HOM-12f61ce262,POB818,2,VOLDATAH,5a685d122525b99975923309
619,TRVGRP-HOM-12f61ce262,grp-PTX,2,VOLDATAH,5a685d122525b9997592330e
620,TRVGRP-HOM-12f61ce262,HNS841,2,VOLDATAH,5a685d122525b99975923311
621,TRVGRP-HOM-12f61ce262,PIGISTE4,2,VOLDATAH,5a685d122525b99975923314
622,TRVGRP-HOM-12f61ce262,TKO004,2,VOLDATAH,5a685d122525b99975923317
623,TRVGRP-HOM-12f61ce262,QMJ813,2,VOLDATAH,5a685d122525b9997592331a
624,TRVGRP-HOM-12f61ce262,CLCD,2,VOLDATAH,5a685d122525b9997592331d
625,TRVGRP-HOM-12f61ce262,IMG197,2,VOLDATAH,5a685d122525b99975923320
626,TRVGRP-HOM-12f61ce262,NYE663,2,VOLDATAH,5a685d122525b99975923323
627,TRVGRP-HOM-12f61ce262,IXT038,2,VOLDATAH,5a685d122525b99975923326
628,TRVGRP-HOM-12f61ce262,VHF768,2,VOLDATAH,5a685d122525b99975923329
629,TRVGRP-HOM-12f61ce262,B1720,2,VOLDATAH,5a685d122525b9997592332c
630,TRVGRP-HOM-12f61ce262,MOHN,2,VOLDATAH,5a685d122525b9997592332f
631,TRVGRP-HOM-12f61ce262,MGB327,2,VOLDATAH,5a685d122525b99975923332
632,TRVGRP-HOM-12f61ce262,URX165,2,VOLDATAH,5a685d122525b99975923335
633,TRVGRP-HOM-12f61ce262,ELH442,2,VOLDATAH,5a685d122525b99975923338
634,TRVGRP-HOM-12f61ce262,KVLE,2,VOLDATAH,5a685d122525b9997592333b
635,TRVGRP-HOM-12f61ce262,VDF292,2,VOLDATAH,5a685d122525b9997592333e
636,TRVGRP-HOM-12f61ce262,CVDU,2,VOLDATAH,5a685d122525b99975923341
637,TRVGRP-HOM-12f61ce262,RFP725,2,VOLDATAH,5a685d122525b99975923344
638,TRVGRP-HOM-12f61ce262,STDMAT09,2,VOLDATAH,5a685d122525b99975923347
639,TRVGRP-HOM-12f61ce262,BKK583,2,VOLDATAH,5a685d122525b9997592334a
640,TRVGRP-HOM-12f61ce262,YFW675,2,VOLDATAH,5a685d122525b9997592334d
641,TRVGRP-HOM-12f61ce262,MATEXT02,2,VOLDATAH,5a685d122525b99975923350
642,TRVGRP-HOM-12f61ce262,MATEXT01,2,VOLDATAH,5a685d122525b99975923353
643,TRVGRP-HOM-12f61ce262,NPQ230,2,VOLDATAH,5a685d122525b99975923356
644,TRVGRP-HOM-12f61ce262,YTQ135,2,VOLDATAH,5a685d122525b99975923359
645,TRVGRP-HOM-12f61ce262,KGQ269,2,VOLDATAH,5a685d122525b9997592335c
646,TRVGRP-HOM-12f61ce262,QVUX,2,VOLDATAH,5a685d122525b9997592335f
647,TRVGRP-HOM-12f61ce262,JFIS,2,VOLDATAH,5a685d122525b99975923362
648,TRVGRP-HOM-12f61ce262,NDQ346,2,VOLDATAH,5a685d122525b99975923365
649,TRVGRP-HOM-12f61ce262,DSG785,2,VOLDATAH,5a685d122525b99975923368
650,TRVGRP-HOM-12f61ce262,BMB493,2,VOLDATAH,5a685d122525b9997592336b
651,TRVGRP-HOM-12f61ce262,HAR495,2,VOLDATAH,5a685d122525b9997592336e
652,TRVGRP-HOM-12f61ce262,NID224,2,VOLDATAH,5a685d122525b99975923371
653,TRVGRP-HOM-12f61ce262,BYX133,2,VOLDATAH,5a685d122525b99975923374
654,TRVGRP-HOM-12f61ce262,DHR277,2,VOLDATAH,5a685d122525b99975923377
655,TRVGRP-HOM-12f61ce262,XYT686,2,VOLDATAH,5a685d122525b9997592337a
656,TRVGRP-HOM-12f61ce262,LQW721,2,VOLDATAH,5a685d122525b9997592337d
657,TRVGRP-HOM-12f61ce262,YZB806,2,VOLDATAH,5a685d122525b99975923380
658,TRVGRP-HOM-12f61ce262,BUI466,2,VOLDATAH,5a685d122525b99975923383
659,TRVGRP-HOM-12f61ce262,UGD411,2,VOLDATAH,5a685d122525b99975923386
660,TRVGRP-HOM-12f61ce262,FEZ536,2,VOLDATAH,5a685d122525b99975923389
661,TRVGRP-HOM-12f61ce262,CRAO,2,VOLDATAH,5a685d122525b9997592338c
662,TRVGRP-HOM-12f61ce262,ZUL754,2,VOLDATAH,5a685d122525b9997592338f
663,TRVGRP-HOM-12f61ce262,RBOH,2,VOLDATAH,5a685d122525b99975923392
664,TRVGRP-HOM-12f61ce262,OVA587,2,VOLDATAH,5a685d122525b99975923395
665,TRVGRP-HOM-12f61ce262,XBS481,2,VOLDATAH,5a685d122525b99975923398
666,TRVGRP-HOM-12f61ce262,UXB461,2,VOLDATAH,5a685d122525b9997592339b
667,TRVGRP-HOM-12f61ce262,HMQ812,2,VOLDATAH,5a685d122525b9997592339e
668,TRVGRP-HOM-12f61ce262,TAX360,2,VOLDATAH,5a685d122525b999759233a1
669,TRVGRP-HOM-12f61ce262,YNQ755,2,VOLDATAH,5a685d122525b999759233a4
670,TRVGRP-HOM-12f61ce262,KSG854,2,VOLDATAH,5a685d122525b999759233a7
671,TRVGRP-HOM-12f61ce262,QPB422,2,VOLDATAH,5a685d122525b999759233aa
672,TRVGRP-HOM-12f61ce262,GQI996,2,VOLDATAH,5a685d122525b999759233ad
673,TRVGRP-HOM-12f61ce262,YRF345,2,VOLDATAH,5a685d122525b999759233b0
674,TRVGRP-HOM-12f61ce262,BPG943,2,VOLDATAH,5a685d122525b999759233b3
675,TRVGRP-HOM-12f61ce262,TPK837,2,VOLDATAH,5a685d122525b999759233b6
676,TRVGRP-HOM-12f61ce262,MUT585,2,VOLDATAH,5a685d122525b999759233b9
677,TRVGRP-HOM-12f61ce262,RHO039,2,VOLDATAH,5a685d122525b999759233bc
678,TRVGRP-HOM-12f61ce262,HHP340,2,VOLDATAH,5a685d122525b999759233bf
679,TRVGRP-HOM-12f61ce262,VFA833,2,VOLDATAH,5a685d122525b999759233c2
680,TRVGRP-HOM-12f61ce262,BWE577,2,VOLDATAH,5a685d122525b999759233c5
681,TRVGRP-HOM-12f61ce262,TZX909,2,VOLDATAH,5a685d122525b999759233c8
682,TRVGRP-HOM-12f61ce262,JJZ540,2,VOLDATAH,5a685d122525b999759233cb
683,TRVGRP-HOM-12f61ce262,CPW326,2,VOLDATAH,5a685d122525b999759233ce
684,TRVGRP-HOM-12f61ce262,ATOS,2,VOLDATAH,5a685d122525b999759233d1
685,TRVGRP-HOM-12f61ce262,DRHGRP,2,VOLDATAH,5a685d122525b999759233d4
686,TRVGRP-HOM-12f61ce262,JEQ354,2,VOLDATAH,5a685d122525b999759233d7
687,TRVGRP-HOM-12f61ce262,UTJ970,2,VOLDATAH,5a685d122525b999759233da
688,TRVGRP-HOM-12f61ce262,OLU187,2,VOLDATAH,5a685d122525b999759233dd
689,TRVGRP-HOM-12f61ce262,ZEC037,2,VOLDATAH,5a685d122525b999759233e0
690,TRVGRP-HOM-12f61ce262,FGQ664,2,VOLDATAH,5a685d122525b999759233e3
691,TRVGRP-HOM-12f61ce262,PED037,2,VOLDATAH,5a685d122525b999759233e6
692,TRVGRP-HOM-12f61ce262,GXW585,2,VOLDATAH,5a685d122525b999759233e9
693,TRVGRP-HOM-12f61ce262,TST_MSG1,2,VOLDATAH,5a685d122525b999759233ec
694,TRVGRP-HOM-12f61ce262,KWU830,2,VOLDATAH,5a685d122525b999759233ef
695,TRVGRP-HOM-12f61ce262,TST_MSG2,2,VOLDATAH,5a685d122525b999759233f2
696,TRVGRP-HOM-12f61ce262,TST_MSG3,2,VOLDATAH,5a685d122525b999759233f5
697,TRVGRP-HOMINV-c330acf1ec,RYS218,2,VOLDATAH,5a685d122525b999759233f8
698,TRVGRP-HOMINV-c330acf1ec,grp-PTX,2,VOLDATAH,5a685d122525b999759233fd
699,TRVGRP-HOMICURES-a070fa2017,CHAVANES,2,VOLDATAH,5a685d122525b99975923400
700,TRVGRP-HOMICURES-a070fa2017,TRANSFERT-NFA,2,VOLDATAH,5a685d122525b99975923403
701,TRVGRP-HOM-12f61ce262,TST_MSG4,2,VOLDATAH,5a685d122525b99975923406
702,TRVGRP-HOM-12f61ce262,TST_MSG5,2,VOLDATAH,5a685d122525b99975923409
703,TRVGRP-HOM-12f61ce262,TST_SPC0,2,VOLDATAH,5a685d122525b9997592340c
704,TRVGRP-HOM-12f61ce262,TST_SPC1,2,VOLDATAH,5a685d122525b9997592340f
705,TRVGRP-HOM-12f61ce262,TST_SPC2,2,VOLDATAH,5a685d122525b99975923412
706,TRVGRP-HOM-12f61ce262,TST_SPC3,2,VOLDATAH,5a685d122525b99975923415
707,TRVGRP-HOM-12f61ce262,TST_SPC4,2,VOLDATAH,5a685d122525b99975923418
708,TRVGRP-HOM-12f61ce262,TST_SPC5,2,VOLDATAH,5a685d122525b9997592341b
709,TRVGRP-HOM-12f61ce262,TST_SPC6,2,VOLDATAH,5a685d122525b9997592341e
710,TRVGRP-HOM-12f61ce262,TST_SPC7,2,VOLDATAH,5a685d122525b99975923421
711,TRVGRP-HOM-12f61ce262,TST_SPC8,2,VOLDATAH,5a685d122525b99975923424
712,TRVGRP-HOM-12f61ce262,TST_SPC9,2,VOLDATAH,5a685d122525b99975923427
713,TRVGRP-HOM-12f61ce262,TST_GLB0,2,VOLDATAH,5a685d122525b9997592342a
714,TRVGRP-HOM-12f61ce262,AUE554,2,VOLDATAH,5a685d122525b9997592342d
715,TRVGRP-HOM-12f61ce262,GRV660,2,VOLDATAH,5a685d132525b99975923430
716,TRVGRP-HOM-12f61ce262,WUC416,2,VOLDATAH,5a685d132525b99975923433
717,TRVGRP-HOM-12f61ce262,TST_GLB4,2,VOLDATAH,5a685d132525b99975923436
718,TRVGRP-HOM-12f61ce262,TST_GLB5,2,VOLDATAH,5a685d132525b99975923439
719,TRVGRP-HOM-12f61ce262,TST654,2,VOLDATAH,5a685d132525b9997592343c
720,TRVGRP-HOM-12f61ce262,TST_GLB7,2,VOLDATAH,5a685d132525b9997592343f
721,TRVGRP-HOM-12f61ce262,TST_GLB8,2,VOLDATAH,5a685d132525b99975923442
722,TRVGRP-HOM-12f61ce262,TST_GLB9,2,VOLDATAH,5a685d132525b99975923445
723,TRVGRP-HOM-12f61ce262,TBL109,2,VOLDATAH,5a685d132525b99975923448
724,TRVGRP-HOM-12f61ce262,FORMCNEWS1,2,VOLDATAH,5a685d132525b9997592344b
725,TRVGRP-HOM-12f61ce262,FORMCNEWS2,2,VOLDATAH,5a685d132525b9997592344e
726,TRVGRP-HOM-12f61ce262,FORMCNEWS3,2,VOLDATAH,5a685d132525b99975923451
727,TRVGRP-HOM-12f61ce262,FORMCNEWS4,2,VOLDATAH,5a685d132525b99975923454
728,TRVGRP-HOM-12f61ce262,FORMCNEWS5,2,VOLDATAH,5a685d132525b99975923457
729,TRVGRP-HOM-12f61ce262,FORMCNEWS6,2,VOLDATAH,5a685d132525b9997592345a
730,TRVGRP-HOM-12f61ce262,FORMCNEWS7,2,VOLDATAH,5a685d132525b9997592345d
731,TRVGRP-HOM-12f61ce262,FORMCNEWS8,2,VOLDATAH,5a685d132525b99975923460
732,TRVGRP-HOM-12f61ce262,FORMCNEWS9,2,VOLDATAH,5a685d132525b99975923463
733,TRVGRP-HOM-12f61ce262,FORMCNEWS10,2,VOLDATAH,5a685d132525b99975923466
734,TRVGRP-HOM-12f61ce262,FORMCNEWS11,2,VOLDATAH,5a685d132525b99975923469
735,TRVGRP-HOM-12f61ce262,FORMCNEWS12,2,VOLDATAH,5a685d132525b9997592346c
736,TRVGRP-HOM-12f61ce262,KJN516,2,VOLDATAH,5a685d132525b9997592346f
737,TRVGRP-HOM-12f61ce262,KUJ972,2,VOLDATAH,5a685d132525b99975923472
738,TRVGRP-HOM-12f61ce262,ZOL377,2,VOLDATAH,5a685d132525b99975923475
739,TRVGRP-HOM-12f61ce262,IXN531,2,VOLDATAH,5a685d132525b99975923478
740,TRVGRP-HOM-12f61ce262,TGH806,2,VOLDATAH,5a685d132525b9997592347b
741,TRVGRP-HOM-12f61ce262,LFB382,2,VOLDATAH,5a685d132525b9997592347e
742,TRVGRP-HOM-12f61ce262,XMX441,2,VOLDATAH,5a685d132525b99975923481
743,TRVGRP-HOM-12f61ce262,CMK289,2,VOLDATAH,5a685d132525b99975923484
744,TRVGRP-HOM-12f61ce262,INU445,2,VOLDATAH,5a685d132525b99975923487
745,TRVGRP-HOM-12f61ce262,KYM161,2,VOLDATAH,5a685d132525b9997592348a
746,TRVGRP-HOM-12f61ce262,FTN475,2,VOLDATAH,5a685d132525b9997592348d
747,TRVGRP-HOM-12f61ce262,ICX740,2,VOLDATAH,5a685d132525b99975923490
748,TRVGRP-HOM-12f61ce262,WJW840,2,VOLDATAH,5a685d132525b99975923493
749,TRVGRP-HOM-12f61ce262,QBG635,2,VOLDATAH,5a685d132525b99975923496
750,TRVGRP-HOM-12f61ce262,KAE772,2,VOLDATAH,5a685d132525b9997592349b
751,TRVGRP-HOM-12f61ce262,LUF961,2,VOLDATAH,5a685d132525b9997592349e
752,TRVGRP-HOM-12f61ce262,SZK673,2,VOLDATAH,5a685d132525b999759234a1
753,TRVGRP-HOM-12f61ce262,TQZ615,2,VOLDATAH,5a685d132525b999759234a4
754,TRVGRP-HOM-12f61ce262,ABD688,2,VOLDATAH,5a685d132525b999759234a7
755,TRVGRP-HOM-12f61ce262,NXV923,2,VOLDATAH,5a685d132525b999759234aa
756,TRVGRP-HOM-12f61ce262,WJH664,2,VOLDATAH,5a685d132525b999759234ad
757,TRVGRP-HOM-12f61ce262,FGB344,2,VOLDATAH,5a685d132525b999759234b0
758,TRVGRP-HOM-12f61ce262,OMJ895,2,VOLDATAH,5a685d132525b999759234b3
759,TRVGRP-HOM-12f61ce262,DTW950,2,VOLDATAH,5a685d132525b999759234b6
760,TRVGRP-HOM-12f61ce262,NIT194,2,VOLDATAH,5a685d132525b999759234b9
761,TRVGRP-HOM-12f61ce262,UOQ279,2,VOLDATAH,5a685d132525b999759234bc
762,TRVGRP-HOM-12f61ce262,FSM396,2,VOLDATAH,5a685d132525b999759234bf
763,TRVGRP-HOM-12f61ce262,GZA059,2,VOLDATAH,5a685d132525b999759234c2
764,TRVGRP-HOM-12f61ce262,KYX778,2,VOLDATAH,5a685d132525b999759234c5
765,TRVGRP-HOM-12f61ce262,VTW260,2,VOLDATAH,5a685d132525b999759234c8
766,TRVGRP-HOM-12f61ce262,SVS425,2,VOLDATAH,5a685d132525b999759234cb
767,TRVGRP-HOM-12f61ce262,MXF745,2,VOLDATAH,5a685d132525b999759234ce
768,TRVGRP-HOM-12f61ce262,MLB648,2,VOLDATAH,5a685d132525b999759234d1
769,TRVGRP-HOM-12f61ce262,GJI314,2,VOLDATAH,5a685d132525b999759234d4
770,TRVGRP-HOM-12f61ce262,RPE494,2,VOLDATAH,5a685d132525b999759234d7
771,TRVGRP-HOM-12f61ce262,MCV248,2,VOLDATAH,5a685d132525b999759234da
772,TRVGRP-HOM-12f61ce262,MIE466,2,VOLDATAH,5a685d132525b999759234dd
773,TRVGRP-HOM-12f61ce262,INB818,2,VOLDATAH,5a685d132525b999759234e0
774,TRVGRP-HOM-12f61ce262,CJO183,2,VOLDATAH,5a685d132525b999759234e3
775,TRVGRP-HOM-12f61ce262,HMZ801,2,VOLDATAH,5a685d132525b999759234e6
776,TRVGRP-HOM-12f61ce262,YBS513,2,VOLDATAH,5a685d132525b999759234e9
777,TRVGRP-HOM-12f61ce262,NYS113,2,VOLDATAH,5a685d132525b999759234ec
778,TRVGRP-HOM-12f61ce262,RIN496,2,VOLDATAH,5a685d132525b999759234ef
779,TRVGRP-HOM-12f61ce262,AWZ232,2,VOLDATAH,5a685d132525b999759234f2
780,TRVGRP-HOM-12f61ce262,AKZ523,2,VOLDATAH,5a685d132525b999759234f5
781,TRVGRP-HOM-12f61ce262,FAF643,2,VOLDATAH,5a685d132525b999759234f8
782,TRVGRP-HOM-12f61ce262,MOB117,2,VOLDATAH,5a685d132525b999759234fb
783,TRVGRP-HOM-12f61ce262,UGX760,2,VOLDATAH,5a685d132525b999759234fe
784,TRVGRP-HOM-12f61ce262,SDZ970,2,VOLDATAH,5a685d132525b99975923501
785,TRVGRP-HOM-12f61ce262,OPX648,2,VOLDATAH,5a685d132525b99975923504
786,TRVGRP-HOM-12f61ce262,BSJ454,2,VOLDATAH,5a685d132525b99975923507
787,TRVGRP-HOM-12f61ce262,XSQ881,2,VOLDATAH,5a685d132525b9997592350a
788,TRVGRP-HOM-12f61ce262,BGS397,2,VOLDATAH,5a685d132525b9997592350d
789,TRVGRP--d41d8cd98f,TRVGRP-HOM-12f61ce262,2,VOLDATAH,5a685d132525b99975923510
790,TRVGRP-HOM-12f61ce262,TRVGRP-HOMCGS-820f8a4058,2,VOLDATAH,5a685d132525b99975923514
791,TRVGRP-HOMCMB-1dc9892d30,TRVGRP-HOMCMBexL-3345f969d1,2,VOLDATAH,5a685d132525b99975923518
792,TRVGRP-HOM-12f61ce262,TRVGRP-HOMCMB-1dc9892d30,2,VOLDATAH,5a685d132525b9997592351c
793,TRVGRP-HOM-12f61ce262,TRVGRP-HOMREG-0d812a0df6,2,VOLDATAH,5a685d132525b99975923520
794,TRVGRP-HOM-12f61ce262,TRVGRP-HOMXDP-07f8a18ebc,2,VOLDATAH,5a685d132525b99975923524
795,TRVGRP-HOM-12f61ce262,TRVGRP-HOMINV-c330acf1ec,2,VOLDATAH,5a685d132525b99975923528
796,TRVGRP-HOMICU-0b80f915c9,TRVGRP-HOMICURES-a070fa2017,2,VOLDATAH,5a685d132525b9997592352c
797,TRVGRP-HOM-12f61ce262,TRVGRP-HOMICU-0b80f915c9,2,VOLDATAH,5a685d132525b99975923530
