,Version,Volume,_id,path,quota
0,2,VOLDATAH,5a67c1c92525b9997591a53d,\HOME\CCAO,1024000000
1,2,VOLDATAH,5a67c1c92525b9997591a53f,\HOME\AMLI,1024000000
2,2,VOLDATAH,5a67c1c92525b9997591a541,\HOME\STEARTH3,1024000000
3,2,VOLDATAH,5a67c1c92525b9997591a543,\HOME\KLBE,1024000000
4,2,VOLDATAH,5a67c1c92525b9997591a545,\HOME\AAAE,1024000000
5,2,VOLDATAH,5a67c1c92525b9997591a547,\HOME\AAIE,1024000000
6,2,VOLDATAH,5a67c1c92525b9997591a549,\HOME\AANR,1024000000
7,2,VOLDATAH,5a67c1c92525b9997591a54b,\HOME\AAOE,1024000000
8,2,VOLDATAH,5a67c1c92525b9997591a54d,\HOME\ABAD,1024000000
9,2,VOLDATAH,5a67c1c92525b9997591a54f,\HOME\ABDT,1024000000
10,2,VOLDATAH,5a67c1c92525b9997591a551,\HOME\ABND,1024000000
11,2,VOLDATAH,5a67c1c92525b9997591a553,\HOME\ABNT,1024000000
12,2,VOLDATAH,5a67c1c92525b9997591a555,\HOME\ABOY,2048000000
13,2,VOLDATAH,5a67c1c92525b9997591a557,\HOME\ABRN,1024000000
14,2,VOLDATAH,5a67c1c92525b9997591a559,\HOME\ABSE,1024000000
15,2,VOLDATAH,5a67c1c92525b9997591a55b,\HOME\ABSI,1024000000
16,2,VOLDATAH,5a67c1c92525b9997591a55d,\HOME\ACAE,2048000000
17,2,VOLDATAH,5a67c1c92525b9997591a55f,\HOME\ACAI,1024000000
18,2,VOLDATAH,5a67c1c92525b9997591a561,\HOME\ACCD8,1024000000
19,2,VOLDATAH,5a67c1c92525b9997591a563,\HOME\ACCUEIL1,1024000000
20,2,VOLDATAH,5a67c1c92525b9997591a565,\HOME\ACNU,1024000000
21,2,VOLDATAH,5a67c1c92525b9997591a567,\HOME\ACRL,1024000000
22,2,VOLDATAH,5a67c1c92525b9997591a569,\HOME\ADCN,1024000000
23,2,VOLDATAH,5a67c1c92525b9997591a56b,\HOME\ADEE,1024000000
24,2,VOLDATAH,5a67c1c92525b9997591a56d,\HOME\ADER,1024000000
25,2,VOLDATAH,5a67c1c92525b9997591a56f,\HOME\ADLE,1024000000
26,2,VOLDATAH,5a67c1c92525b9997591a571,\HOME\ADLO,1024000000
27,2,VOLDATAH,5a67c1c92525b9997591a573,\HOME\ADLR,1024000000
28,2,VOLDATAH,5a67c1c92525b9997591a575,\HOME\ADLX,1024000000
29,2,VOLDATAH,5a67c1c92525b9997591a577,\HOME\ADOR,1024000000
30,2,VOLDATAH,5a67c1c92525b9997591a579,\HOME\ADOT,1024000000
31,2,VOLDATAH,5a67c1c92525b9997591a57b,\HOME\ADSG,4096000000
32,2,VOLDATAH,5a67c1c92525b9997591a57d,\HOME\ADUE,1024000000
33,2,VOLDATAH,5a67c1c92525b9997591a57f,\HOME\ADV1,1024000000
34,2,VOLDATAH,5a67c1c92525b9997591a581,\HOME\AFCT,2048000000
35,2,VOLDATAH,5a67c1c92525b9997591a583,\HOME\AFIE,1024000000
36,2,VOLDATAH,5a67c1c92525b9997591a585,\HOME\AGBT,1024000000
37,2,VOLDATAH,5a67c1c92525b9997591a587,\HOME\AGDN,1024000000
38,2,VOLDATAH,5a67c1c92525b9997591a589,\HOME\AGRE,1024000000
39,2,VOLDATAH,5a67c1c92525b9997591a58b,\HOME\AHDD,1024000000
40,2,VOLDATAH,5a67c1c92525b9997591a58d,\HOME\AIIO,1024000000
41,2,VOLDATAH,5a67c1c92525b9997591a58f,\HOME\AIRL,2048000000
42,2,VOLDATAH,5a67c1c92525b9997591a591,\HOME\AJLY,1024000000
43,2,VOLDATAH,5a67c1c92525b9997591a593,\HOME\AKFN,1024000000
44,2,VOLDATAH,5a67c1c92525b9997591a595,\HOME\AKIM,1024000000
45,2,VOLDATAH,5a67c1c92525b9997591a597,\HOME\AKIN,1024000000
46,2,VOLDATAH,5a67c1c92525b9997591a599,\HOME\ALAT,1024000000
47,2,VOLDATAH,5a67c1c92525b9997591a59b,\HOME\ALBN,1024000000
48,2,VOLDATAH,5a67c1c92525b9997591a59d,\HOME\ALBZ,1024000000
49,2,VOLDATAH,5a67c1c92525b9997591a59f,\HOME\ALCC,1024000000
50,2,VOLDATAH,5a67c1c92525b9997591a5a1,\HOME\ALFT,1024000000
51,2,VOLDATAH,5a67c1c92525b9997591a5a3,\HOME\ALME,2048000000
52,2,VOLDATAH,5a67c1c92525b9997591a5a5,\HOME\ALNG,1024000000
53,2,VOLDATAH,5a67c1c92525b9997591a5a7,\HOME\ALOX,1024000000
54,2,VOLDATAH,5a67c1c92525b9997591a5a9,\HOME\ALPT,1024000000
55,2,VOLDATAH,5a67c1c92525b9997591a5ab,\HOME\AMLY,1024000000
56,2,VOLDATAH,5a67c1c92525b9997591a5ad,\HOME\AMNS,1024000000
57,2,VOLDATAH,5a67c1c92525b9997591a5af,\HOME\AMRN,1024000000
58,2,VOLDATAH,5a67c1c92525b9997591a5b1,\HOME\AMRX,1024000000
59,2,VOLDATAH,5a67c1c92525b9997591a5b3,\HOME\AMSL,1024000000
60,2,VOLDATAH,5a67c1c92525b9997591a5b5,\HOME\AMTO,1024000000
61,2,VOLDATAH,5a67c1c92525b9997591a5b7,\HOME\AMYR,1024000000
62,2,VOLDATAH,5a67c1c92525b9997591a5b9,\HOME\ANJR,1024000000
63,2,VOLDATAH,5a67c1c92525b9997591a5bb,\HOME\ANTENNE,1024000000
64,2,VOLDATAH,5a67c1c92525b9997591a5bd,\HOME\APRENTI1,1024000000
65,2,VOLDATAH,5a67c1c92525b9997591a5bf,\HOME\APRENTI2,1024000000
66,2,VOLDATAH,5a67c1c92525b9997591a5c1,\HOME\APRN,1024000000
67,2,VOLDATAH,5a67c1c92525b9997591a5c3,\HOME\APSN,1024000000
68,2,VOLDATAH,5a67c1c92525b9997591a5c5,\HOME\APSS,1024000000
69,2,VOLDATAH,5a67c1c92525b9997591a5c7,\HOME\archives,1024000000
70,2,VOLDATAH,5a67c1c92525b9997591a5c9,\HOME\ARLS,1024000000
71,2,VOLDATAH,5a67c1c92525b9997591a5cb,\HOME\ARN,1024000000
72,2,VOLDATAH,5a67c1c92525b9997591a5cd,\HOME\ASAA,5120000000
73,2,VOLDATAH,5a67c1c92525b9997591a5cf,\HOME\ASAD,1024000000
74,2,VOLDATAH,5a67c1c92525b9997591a5d1,\HOME\ASAI,1024000000
75,2,VOLDATAH,5a67c1c92525b9997591a5d3,\HOME\ASBT,1024000000
76,2,VOLDATAH,5a67c1c92525b9997591a5d5,\HOME\ASFT,1024000000
77,2,VOLDATAH,5a67c1c92525b9997591a5d7,\HOME\ASII,1024000000
78,2,VOLDATAH,5a67c1c92525b9997591a5d9,\HOME\ASRR,1024000000
79,2,VOLDATAH,5a67c1c92525b9997591a5db,\HOME\ASTE,1024000000
80,2,VOLDATAH,5a67c1c92525b9997591a5dd,\HOME\ASVA,1024000000
81,2,VOLDATAH,5a67c1c92525b9997591a5df,\HOME\ASZE,1024000000
82,2,VOLDATAH,5a67c1c92525b9997591a5e1,\HOME\ATEE,1024000000
83,2,VOLDATAH,5a67c1c92525b9997591a5e3,\HOME\ATOL,1024000000
84,2,VOLDATAH,5a67c1c92525b9997591a5e5,\HOME\ATRZ,1024000000
85,2,VOLDATAH,5a67c1c92525b9997591a5e7,\HOME\ATXR,1024000000
86,2,VOLDATAH,5a67c1c92525b9997591a5e9,\HOME\AUDI1,1024000000
87,2,VOLDATAH,5a67c1c92525b9997591a5eb,\HOME\AUDIT_MAF,1024000000
88,2,VOLDATAH,5a67c1c92525b9997591a5ed,\HOME\AUTODSOIR,1024000000
89,2,VOLDATAH,5a67c1c92525b9997591a5ef,\HOME\AUTOLIB1,1024000000
90,2,VOLDATAH,5a67c1c92525b9997591a5f1,\HOME\AUTOLIB2,1024000000
91,2,VOLDATAH,5a67c1c92525b9997591a5f3,\HOME\AUTOLIB3,1024000000
92,2,VOLDATAH,5a67c1c92525b9997591a5f5,\HOME\AUTOPROMO,1024000000
93,2,VOLDATAH,5a67c1c92525b9997591a5f7,\HOME\AVCT,2048000000
94,2,VOLDATAH,5a67c1c92525b9997591a5f9,\HOME\AVID1,1024000000
95,2,VOLDATAH,5a67c1c92525b9997591a5fb,\HOME\AVID10,1024000000
96,2,VOLDATAH,5a67c1c92525b9997591a5fd,\HOME\AVID11,1024000000
97,2,VOLDATAH,5a67c1c92525b9997591a5ff,\HOME\AVID12,1024000000
98,2,VOLDATAH,5a67c1c92525b9997591a601,\HOME\AVID13,1024000000
99,2,VOLDATAH,5a67c1c92525b9997591a603,\HOME\AVID14,1024000000
100,2,VOLDATAH,5a67c1c92525b9997591a605,\HOME\AVID2,1024000000
101,2,VOLDATAH,5a67c1c92525b9997591a607,\HOME\AVID3,1024000000
102,2,VOLDATAH,5a67c1c92525b9997591a609,\HOME\AVID4,1024000000
103,2,VOLDATAH,5a67c1c92525b9997591a60b,\HOME\AVID5,1024000000
104,2,VOLDATAH,5a67c1c92525b9997591a60d,\HOME\AVID6,1024000000
105,2,VOLDATAH,5a67c1c92525b9997591a60f,\HOME\AVID7,1024000000
106,2,VOLDATAH,5a67c1c92525b9997591a611,\HOME\AVID8,1024000000
107,2,VOLDATAH,5a67c1c92525b9997591a613,\HOME\AVNE,1024000000
108,2,VOLDATAH,5a67c1c92525b9997591a615,\HOME\AVRN,1024000000
109,2,VOLDATAH,5a67c1c92525b9997591a617,\HOME\AZZA,1024000000
110,2,VOLDATAH,5a67c1c92525b9997591a619,\HOME\BADGE1,1024000000
111,2,VOLDATAH,5a67c1c92525b9997591a61b,\HOME\BADGE2,1024000000
112,2,VOLDATAH,5a67c1c92525b9997591a61d,\HOME\BAIX,1024000000
113,2,VOLDATAH,5a67c1c92525b9997591a61f,\HOME\BAMT,1024000000
114,2,VOLDATAH,5a67c1c92525b9997591a621,\HOME\BANN,1024000000
115,2,VOLDATAH,5a67c1c92525b9997591a623,\HOME\BBTN,1024000000
116,2,VOLDATAH,5a67c1c92525b9997591a625,\HOME\BCNA,1024000000
117,2,VOLDATAH,5a67c1c92525b9997591a627,\HOME\BCNE,1024000000
118,2,VOLDATAH,5a67c1c92525b9997591a629,\HOME\BCSS,1024000000
119,2,VOLDATAH,5a67c1c92525b9997591a62b,\HOME\BCVE,1024000000
120,2,VOLDATAH,5a67c1c92525b9997591a62d,\HOME\BDAT,1024000000
121,2,VOLDATAH,5a67c1c92525b9997591a62f,\HOME\BDTD,1024000000
122,2,VOLDATAH,5a67c1c92525b9997591a631,\HOME\BDTT,2560000000
123,2,VOLDATAH,5a67c1c92525b9997591a633,\HOME\BFCT,2048000000
124,2,VOLDATAH,5a67c1c92525b9997591a635,\HOME\BFVE,2048000000
125,2,VOLDATAH,5a67c1c92525b9997591a637,\HOME\BGDN,1024000000
126,2,VOLDATAH,5a67c1c92525b9997591a639,\HOME\BGLS,1024000000
127,2,VOLDATAH,5a67c1c92525b9997591a63b,\HOME\BGSE,1024000000
128,2,VOLDATAH,5a67c1c92525b9997591a63d,\HOME\BHUE,1024000000
129,2,VOLDATAH,5a67c1c92525b9997591a63f,\HOME\BIBLIO,1024000000
130,2,VOLDATAH,5a67c1c92525b9997591a641,\HOME\BLLR,1024000000
131,2,VOLDATAH,5a67c1c92525b9997591a643,\HOME\BMQS,1024000000
132,2,VOLDATAH,5a67c1c92525b9997591a645,\HOME\BRD,1024000000
133,2,VOLDATAH,5a67c1c92525b9997591a647,\HOME\BRG,3072000000
134,2,VOLDATAH,5a67c1c92525b9997591a649,\HOME\BRUI,1024000000
135,2,VOLDATAH,5a67c1c92525b9997591a64b,\HOME\BTBL,1024000000
136,2,VOLDATAH,5a67c1c92525b9997591a64d,\HOME\BZTA,1024000000
137,2,VOLDATAH,5a67c1c92525b9997591a64f,\HOME\CADE,1024000000
138,2,VOLDATAH,5a67c1c92525b9997591a651,\HOME\CBLN,1024000000
139,2,VOLDATAH,5a67c1c92525b9997591a653,\HOME\CBNS,1024000000
140,2,VOLDATAH,5a67c1c92525b9997591a655,\HOME\CBOE,1024000000
141,2,VOLDATAH,5a67c1c92525b9997591a657,\HOME\CBQT,1024000000
142,2,VOLDATAH,5a67c1c92525b9997591a659,\HOME\CBSN,1024000000
143,2,VOLDATAH,5a67c1c92525b9997591a65b,\HOME\CBTD,1024000000
144,2,VOLDATAH,5a67c1c92525b9997591a65d,\HOME\CBUA,1024000000
145,2,VOLDATAH,5a67c1c92525b9997591a65f,\HOME\CBZE,1024000000
146,2,VOLDATAH,5a67c1c92525b9997591a661,\HOME\CCAT,1024000000
147,2,VOLDATAH,5a67c1c92525b9997591a663,\HOME\CCCR,1024000000
148,2,VOLDATAH,5a67c1c92525b9997591a665,\HOME\CCGC,1024000
149,2,VOLDATAH,5a67c1c92525b9997591a667,\HOME\CCLL,1024000000
150,2,VOLDATAH,5a67c1c92525b9997591a669,\HOME\CCNS,1024000000
151,2,VOLDATAH,5a67c1c92525b9997591a66b,\HOME\CCPZ,1024000000
152,2,VOLDATAH,5a67c1c92525b9997591a66d,\HOME\CCRU,1024000000
153,2,VOLDATAH,5a67c1c92525b9997591a66f,\HOME\CCTT,1024000000
154,2,VOLDATAH,5a67c1c92525b9997591a671,\HOME\CCUE,1024000000
155,2,VOLDATAH,5a67c1c92525b9997591a673,\HOME\CDAD,1024000000
156,2,VOLDATAH,5a67c1c92525b9997591a675,\HOME\CDAS,1024000000
157,2,VOLDATAH,5a67c1c92525b9997591a677,\HOME\CDCR,1024000000
158,2,VOLDATAH,5a67c1c92525b9997591a679,\HOME\CDMC,1024000000
159,2,VOLDATAH,5a67c1c92525b9997591a67b,\HOME\CDMO,1024000000
160,2,VOLDATAH,5a67c1c92525b9997591a67d,\HOME\CDNZ,1024000000
161,2,VOLDATAH,5a67c1c92525b9997591a67f,\HOME\CDOG,1024000000
162,2,VOLDATAH,5a67c1c92525b9997591a681,\HOME\CDVT,1024000000
163,2,VOLDATAH,5a67c1c92525b9997591a683,\HOME\CED8,1024000000
164,2,VOLDATAH,5a67c1c92525b9997591a685,\HOME\CEHO,1024000000
165,2,VOLDATAH,5a67c1c92525b9997591a687,\HOME\CELD,1024000000
166,2,VOLDATAH,5a67c1c92525b9997591a689,\HOME\CFET,1024000000
167,2,VOLDATAH,5a67c1c92525b9997591a68b,\HOME\CFSR,1024000000
168,2,VOLDATAH,5a67c1c92525b9997591a68d,\HOME\CGDN,1024000000
169,2,VOLDATAH,5a67c1c92525b9997591a68f,\HOME\CGOE,1024000000
170,2,VOLDATAH,5a67c1c92525b9997591a691,\HOME\CGSD,1024000000
171,2,VOLDATAH,5a67c1c92525b9997591a693,\HOME\CHAUFDIR,1024000000
172,2,VOLDATAH,5a67c1c92525b9997591a695,\HOME\CHAUDIR2,1024000000
173,2,VOLDATAH,5a67c1c92525b9997591a697,\HOME\CHSCT,1024000000
174,2,VOLDATAH,5a67c1c92525b9997591a699,\HOME\CHTS,1024000000
175,2,VOLDATAH,5a67c1c92525b9997591a69b,\HOME\CIRE,1024000000
176,2,VOLDATAH,5a67c1c92525b9997591a69d,\HOME\CKAL,2048000000
177,2,VOLDATAH,5a67c1c92525b9997591a69f,\HOME\CKCR,1024000000
178,2,VOLDATAH,5a67c1c92525b9997591a6a1,\HOME\CLGC,1363148800
179,2,VOLDATAH,5a67c1c92525b9997591a6a3,\HOME\CLNI,1024000000
180,2,VOLDATAH,5a67c1c92525b9997591a6a5,\HOME\CLRT,1024000000
181,2,VOLDATAH,5a67c1c92525b9997591a6a7,\HOME\CLRY,1024000000
182,2,VOLDATAH,5a67c1c92525b9997591a6a9,\HOME\CMBL,2048000000
183,2,VOLDATAH,5a67c1c92525b9997591a6ab,\HOME\CMHS,1024000000
184,2,VOLDATAH,5a67c1c92525b9997591a6ad,\HOME\CMIS,1024000000
185,2,VOLDATAH,5a67c1c92525b9997591a6af,\HOME\CMLN,1024000000
186,2,VOLDATAH,5a67c1c92525b9997591a6b1,\HOME\CMRL,1024000000
187,2,VOLDATAH,5a67c1c92525b9997591a6b3,\HOME\CMRU,1024000000
188,2,VOLDATAH,5a67c1c92525b9997591a6b5,\HOME\CMTN,1024000000
189,2,VOLDATAH,5a67c1c92525b9997591a6b7,\HOME\CONSM1,1024000000
190,2,VOLDATAH,5a67c1c92525b9997591a6b9,\HOME\COURRIE8,1024000000
191,2,VOLDATAH,5a67c1c92525b9997591a6bb,\HOME\COURRIER,1024000000
192,2,VOLDATAH,5a67c1c92525b9997591a6bd,\HOME\CPAD,1024000000
193,2,VOLDATAH,5a67c1c92525b9997591a6bf,\HOME\CPCD,1024000000
194,2,VOLDATAH,5a67c1c92525b9997591a6c1,\HOME\CPCL,1024000000
195,2,VOLDATAH,5a67c1c92525b9997591a6c3,\HOME\CPTY,1024000000
196,2,VOLDATAH,5a67c1c92525b9997591a6c5,\HOME\CPUO,1024000000
197,2,VOLDATAH,5a67c1c92525b9997591a6c7,\HOME\CRBT,1024000000
198,2,VOLDATAH,5a67c1c92525b9997591a6c9,\HOME\CRIE,1024000000
199,2,VOLDATAH,5a67c1c92525b9997591a6cb,\HOME\CRJO,1024000000
200,2,VOLDATAH,5a67c1c92525b9997591a6cd,\HOME\CRSU,1024000000
201,2,VOLDATAH,5a67c1c92525b9997591a6cf,\HOME\CSBT,1024000000
202,2,VOLDATAH,5a67c1c92525b9997591a6d1,\HOME\CSDR,1024000000
203,2,VOLDATAH,5a67c1c92525b9997591a6d3,\HOME\CSYT,1024000000
204,2,VOLDATAH,5a67c1c92525b9997591a6d5,\HOME\CTBT,1024000000
205,2,VOLDATAH,5a67c1c92525b9997591a6d7,\HOME\CUNI,1024000000
206,2,VOLDATAH,5a67c1c92525b9997591a6d9,\HOME\CVDR,1024000000
207,2,VOLDATAH,5a67c1c92525b9997591a6db,\HOME\CVIE,1024000000
208,2,VOLDATAH,5a67c1c92525b9997591a6dd,\HOME\CVUX,1024000000
209,2,VOLDATAH,5a67c1c92525b9997591a6df,\HOME\DAAE,1024000000
210,2,VOLDATAH,5a67c1c92525b9997591a6e1,\HOME\DAES,1024000000
211,2,VOLDATAH,5a67c1c92525b9997591a6e3,\HOME\DAON,1024000000
212,2,VOLDATAH,5a67c1c92525b9997591a6e5,\HOME\DAUE,1024000000
213,2,VOLDATAH,5a67c1c92525b9997591a6e7,\HOME\DBND,1024000000
214,2,VOLDATAH,5a67c1c92525b9997591a6e9,\HOME\DBTN,1024000000
215,2,VOLDATAH,5a67c1c92525b9997591a6eb,\HOME\DCDY,1024000000
216,2,VOLDATAH,5a67c1c92525b9997591a6ed,\HOME\DCLT,1024000000
217,2,VOLDATAH,5a67c1c92525b9997591a6ef,\HOME\DCOL,1024000000
218,2,VOLDATAH,5a67c1c92525b9997591a6f1,\HOME\DDNI,1024000000
219,2,VOLDATAH,5a67c1c92525b9997591a6f3,\HOME\DEEY,1024000000
220,2,VOLDATAH,5a67c1c92525b9997591a6f5,\HOME\DGIY,1024000000
221,2,VOLDATAH,5a67c1c92525b9997591a6f7,\HOME\DGRI,1024000000
222,2,VOLDATAH,5a67c1c92525b9997591a6f9,\HOME\DHOI,1024000000
223,2,VOLDATAH,5a67c1c92525b9997591a6fb,\HOME\Diff,1024000000
224,2,VOLDATAH,5a67c1c92525b9997591a6fd,\HOME\DIRACHAT,1024000000
225,2,VOLDATAH,5a67c1c92525b9997591a6ff,\HOME\DJQS,1024000000
226,2,VOLDATAH,5a67c1c92525b9997591a701,\HOME\DLEI,1024000000
227,2,VOLDATAH,5a67c1c92525b9997591a703,\HOME\DLLR,1024000000
228,2,VOLDATAH,5a67c1c92525b9997591a705,\HOME\DLRC,1024000000
229,2,VOLDATAH,5a67c1c92525b9997591a707,\HOME\DMATIN1,1024000000
230,2,VOLDATAH,5a67c1c92525b9997591a709,\HOME\DMLA,1024000000
231,2,VOLDATAH,5a67c1c92525b9997591a70b,\HOME\DMND,1024000000
232,2,VOLDATAH,5a67c1c92525b9997591a70d,\HOME\DOCU8,1024000000
233,2,VOLDATAH,5a67c1c92525b9997591a70f,\HOME\DOCUM8,1024000000
234,2,VOLDATAH,5a67c1c92525b9997591a711,\HOME\DOFO,1024000000
235,2,VOLDATAH,5a67c1c92525b9997591a713,\HOME\DOHH,1024000000
236,2,VOLDATAH,5a67c1c92525b9997591a715,\HOME\DPTA,1024000000
237,2,VOLDATAH,5a67c1c92525b9997591a717,\HOME\DRDU,1024000000
238,2,VOLDATAH,5a67c1c92525b9997591a719,\HOME\DROOM1,1024000000
239,2,VOLDATAH,5a67c1c92525b9997591a71b,\HOME\DSIWEB,1024000000
240,2,VOLDATAH,5a67c1c92525b9997591a71d,\HOME\DSOIR03,1024000000
241,2,VOLDATAH,5a67c1c92525b9997591a71f,\HOME\DSPA,1024000000
242,2,VOLDATAH,5a67c1c92525b9997591a721,\HOME\DTRN,1024000000
243,2,VOLDATAH,5a67c1c92525b9997591a723,\HOME\DVCN,1024000000
244,2,VOLDATAH,5a67c1c92525b9997591a725,\HOME\DVVR,1024000000
245,2,VOLDATAH,5a67c1c92525b9997591a727,\HOME\CGSD\CGOE,1024000000
246,2,VOLDATAH,5a67c1c92525b9997591a729,\HOME\DWTS,1024000000
247,2,VOLDATAH,5a67c1c92525b9997591a72b,\HOME\EADE,1024000000
248,2,VOLDATAH,5a67c1c92525b9997591a72d,\HOME\EARN,1024000000
249,2,VOLDATAH,5a67c1c92525b9997591a72f,\HOME\EART,1024000000
250,2,VOLDATAH,5a67c1c92525b9997591a731,\HOME\EBEL,1024000000
251,2,VOLDATAH,5a67c1c92525b9997591a733,\HOME\EBGR,1024000000
252,2,VOLDATAH,5a67c1c92525b9997591a735,\HOME\EBNT,1024000000
253,2,VOLDATAH,5a67c1c92525b9997591a737,\HOME\EBRT,1024000000
254,2,VOLDATAH,5a67c1c92525b9997591a739,\HOME\ECBD,1024000000
255,2,VOLDATAH,5a67c1c92525b9997591a73b,\HOME\EDAZ,1024000000
256,2,VOLDATAH,5a67c1c92525b9997591a73d,\HOME\EDCT,1024000000
257,2,VOLDATAH,5a67c1c92525b9997591a73f,\HOME\EDDE,1024000000
258,2,VOLDATAH,5a67c1c92525b9997591a741,\HOME\EDIH,1024000000
259,2,VOLDATAH,5a67c1c92525b9997591a743,\HOME\EDNS,1024000000
260,2,VOLDATAH,5a67c1c92525b9997591a745,\HOME\EDOT,1024000000
261,2,VOLDATAH,5a67c1c92525b9997591a747,\HOME\EDRS,1024000000
262,2,VOLDATAH,5a67c1c92525b9997591a749,\HOME\EFSR,1024000000
263,2,VOLDATAH,5a67c1c92525b9997591a74b,\HOME\EGEL,1024000000
264,2,VOLDATAH,5a67c1c92525b9997591a74d,\HOME\EGFS,1024000000
265,2,VOLDATAH,5a67c1c92525b9997591a74f,\HOME\EGIN,1024000000
266,2,VOLDATAH,5a67c1c92525b9997591a751,\HOME\EGLN,1024000000
267,2,VOLDATAH,5a67c1c92525b9997591a753,\HOME\EHGH,1024000000
268,2,VOLDATAH,5a67c1c92525b9997591a755,\HOME\EKELUND,1024000000
269,2,VOLDATAH,5a67c1c92525b9997591a757,\HOME\EKHY,1024000000
270,2,VOLDATAH,5a67c1c92525b9997591a759,\HOME\ELDZ,1024000000
271,2,VOLDATAH,5a67c1c92525b9997591a75b,\HOME\ELHN,1024000000
272,2,VOLDATAH,5a67c1c92525b9997591a75d,\HOME\ELRL,10485760000
273,2,VOLDATAH,5a67c1c92525b9997591a75f,\HOME\EMMN,1024000000
274,2,VOLDATAH,5a67c1c92525b9997591a761,\HOME\EMRI,1024000000
275,2,VOLDATAH,5a67c1c92525b9997591a763,\HOME\EMTO,1024000000
276,2,VOLDATAH,5a67c1c92525b9997591a765,\HOME\ENDEMOL1,1024000000
277,2,VOLDATAH,5a67c1c92525b9997591a767,\HOME\ENDEMOL2,1024000000
278,2,VOLDATAH,5a67c1c92525b9997591a769,\HOME\ENDEMOL4,1024000000
279,2,VOLDATAH,5a67c1c92525b9997591a76b,\HOME\ENDEMOL5,1024000000
280,2,VOLDATAH,5a67c1c92525b9997591a76d,\HOME\EPEU,1024000000
281,2,VOLDATAH,5a67c1c92525b9997591a76f,\HOME\ERUE,3072000000
282,2,VOLDATAH,5a67c1c92525b9997591a771,\HOME\ESCT,1024000000
283,2,VOLDATAH,5a67c1c92525b9997591a773,\HOME\ETST,1024000000
284,2,VOLDATAH,5a67c1c92525b9997591a775,\HOME\EVSR,1024000000
285,2,VOLDATAH,5a67c1c92525b9997591a777,\HOME\EXTBMD01,1024000000
286,2,VOLDATAH,5a67c1c92525b9997591a779,\HOME\FAAI,1024000000
287,2,VOLDATAH,5a67c1c92525b9997591a77b,\HOME\FBDI,1024000000
288,2,VOLDATAH,5a67c1c92525b9997591a77d,\HOME\FBRE,1024000000
289,2,VOLDATAH,5a67c1c92525b9997591a77f,\HOME\FBSD,1024000000
290,2,VOLDATAH,5a67c1c92525b9997591a781,\HOME\FBTU,1024000000
291,2,VOLDATAH,5a67c1c92525b9997591a783,\HOME\FCAT,1024000000
292,2,VOLDATAH,5a67c1c92525b9997591a785,\HOME\FCNU,1024000000
293,2,VOLDATAH,5a67c1c92525b9997591a787,\HOME\FDBT,1024000000
294,2,VOLDATAH,5a67c1c92525b9997591a789,\HOME\FDRN,1024000000
295,2,VOLDATAH,5a67c1c92525b9997591a78b,\HOME\FFDN,2560000000
296,2,VOLDATAH,5a67c1c92525b9997591a78d,\HOME\FFLE,1024000000
297,2,VOLDATAH,5a67c1c92525b9997591a78f,\HOME\FGAD,1024000000
298,2,VOLDATAH,5a67c1c92525b9997591a791,\HOME\FGAS,1024000000
299,2,VOLDATAH,5a67c1c92525b9997591a793,\HOME\FGIU,1024000000
300,2,VOLDATAH,5a67c1c92525b9997591a795,\HOME\FHDR,1024000000
301,2,VOLDATAH,5a67c1c92525b9997591a797,\HOME\FHUT,1024000000
302,2,VOLDATAH,5a67c1c92525b9997591a799,\HOME\FIDFC,1024000000
303,2,VOLDATAH,5a67c1c92525b9997591a79b,\HOME\FIDFC2,1024000000
304,2,VOLDATAH,5a67c1c92525b9997591a79d,\HOME\FISCM1,1024000000
305,2,VOLDATAH,5a67c1c92525b9997591a79f,\HOME\FIZI,1024000000
306,2,VOLDATAH,5a67c1c92525b9997591a7a1,\HOME\FLRE,6442450944
307,2,VOLDATAH,5a67c1c92525b9997591a7a3,\HOME\FLRU,5120000000
308,2,VOLDATAH,5a67c1c92525b9997591a7a5,\HOME\FLVL,1024000000
309,2,VOLDATAH,5a67c1c92525b9997591a7a7,\HOME\FMCE,1024000000
310,2,VOLDATAH,5a67c1c92525b9997591a7a9,\HOME\FMNS,1024000000
311,2,VOLDATAH,5a67c1c92525b9997591a7ab,\HOME\FMON,1024000000
312,2,VOLDATAH,5a67c1c92525b9997591a7ad,\HOME\FMSU,1024000000
313,2,VOLDATAH,5a67c1c92525b9997591a7af,\HOME\FONDBEN1,1024000000
314,2,VOLDATAH,5a67c1c92525b9997591a7b1,\HOME\FONDBEN2,1024000000
315,2,VOLDATAH,5a67c1c92525b9997591a7b3,\HOME\FONDGO,1024000000
316,2,VOLDATAH,5a67c1c92525b9997591a7b5,\HOME\FONDGO2,1024000000
317,2,VOLDATAH,5a67c1c92525b9997591a7b7,\HOME\FONDNE2,1024000000
318,2,VOLDATAH,5a67c1c92525b9997591a7b9,\HOME\FONDPTB,1024000000
319,2,VOLDATAH,5a67c1c92525b9997591a7bb,\HOME\FONDSE,1024000000
320,2,VOLDATAH,5a67c1c92525b9997591a7bd,\HOME\FONDSE2,1024000000
321,2,VOLDATAH,5a67c1c92525b9997591a7bf,\HOME\FONDSO,1024000000
322,2,VOLDATAH,5a67c1c92525b9997591a7c1,\HOME\FORMA1,1024000000
323,2,VOLDATAH,5a67c1c92525b9997591a7c3,\HOME\FORMA10,1024000000
324,2,VOLDATAH,5a67c1c92525b9997591a7c5,\HOME\FORMA2,1024000000
325,2,VOLDATAH,5a67c1c92525b9997591a7c7,\HOME\FORMA3,1024000000
326,2,VOLDATAH,5a67c1c92525b9997591a7c9,\HOME\FORMA4,1024000000
327,2,VOLDATAH,5a67c1c92525b9997591a7cb,\HOME\FORMA5,1024000000
328,2,VOLDATAH,5a67c1c92525b9997591a7cd,\HOME\FORMA6,1024000000
329,2,VOLDATAH,5a67c1c92525b9997591a7cf,\HOME\FORMA7,1024000000
330,2,VOLDATAH,5a67c1c92525b9997591a7d1,\HOME\FORMA8,1024000000
331,2,VOLDATAH,5a67c1c92525b9997591a7d3,\HOME\FORMA9,1024000000
332,2,VOLDATAH,5a67c1c92525b9997591a7d5,\HOME\FPIT,1024000000
333,2,VOLDATAH,5a67c1c92525b9997591a7d7,\HOME\FPNL,1024000000
334,2,VOLDATAH,5a67c1c92525b9997591a7d9,\HOME\FPTS,1024000000
335,2,VOLDATAH,5a67c1c92525b9997591a7db,\HOME\FRGY,1024000000
336,2,VOLDATAH,5a67c1c92525b9997591a7dd,\HOME\FRHE,1024000000
337,2,VOLDATAH,5a67c1c92525b9997591a7df,\HOME\FSRN,1024000000
338,2,VOLDATAH,5a67c1c92525b9997591a7e1,\HOME\FTAI,1024000000
339,2,VOLDATAH,5a67c1c92525b9997591a7e3,\HOME\FTAR,1024000000
340,2,VOLDATAH,5a67c1c92525b9997591a7e5,\HOME\FVAL,1024000000
341,2,VOLDATAH,5a67c1c92525b9997591a7e7,\HOME\FXHT,1024000000
342,2,VOLDATAH,5a67c1c92525b9997591a7e9,\HOME\GALX,1024000000
343,2,VOLDATAH,5a67c1c92525b9997591a7eb,\HOME\GAND,1024000000
344,2,VOLDATAH,5a67c1c92525b9997591a7ed,\HOME\GBCD,1024000000
345,2,VOLDATAH,5a67c1c92525b9997591a7ef,\HOME\GBNU,1024000000
346,2,VOLDATAH,5a67c1c92525b9997591a7f1,\HOME\GBSE,1024000000
347,2,VOLDATAH,5a67c1c92525b9997591a7f3,\HOME\GCDO,1024000000
348,2,VOLDATAH,5a67c1c92525b9997591a7f5,\HOME\GCEE,5120000000
349,2,VOLDATAH,5a67c1c92525b9997591a7f7,\HOME\GCNN,1024000000
350,2,VOLDATAH,5a67c1c92525b9997591a7f9,\HOME\GCRF,1024000000
351,2,VOLDATAH,5a67c1c92525b9997591a7fb,\HOME\GCTS,1024000000
352,2,VOLDATAH,5a67c1c92525b9997591a7fd,\HOME\GDMR,1024000000
353,2,VOLDATAH,5a67c1c92525b9997591a7ff,\HOME\GFSE,1024000000
354,2,VOLDATAH,5a67c1c92525b9997591a801,\HOME\GGII,1024000000
355,2,VOLDATAH,5a67c1c92525b9997591a803,\HOME\GGVO,1024000000
356,2,VOLDATAH,5a67c1c92525b9997591a805,\HOME\GJMI,1024000000
357,2,VOLDATAH,5a67c1c92525b9997591a807,\HOME\GKNZ,1024000000
358,2,VOLDATAH,5a67c1c92525b9997591a809,\HOME\GKOI,1024000000
359,2,VOLDATAH,5a67c1c92525b9997591a80b,\HOME\GLAE,1024000000
360,2,VOLDATAH,5a67c1c92525b9997591a80d,\HOME\GLCE,1024000000
361,2,VOLDATAH,5a67c1c92525b9997591a80f,\HOME\GLME,1024000000
362,2,VOLDATAH,5a67c1c92525b9997591a811,\HOME\GLOE,1024000000
363,2,VOLDATAH,5a67c1c92525b9997591a813,\HOME\GLSD,10737418240
364,2,VOLDATAH,5a67c1c92525b9997591a815,\HOME\GMMN,1024000000
365,2,VOLDATAH,5a67c1c92525b9997591a817,\HOME\GMTN,1024000000
366,2,VOLDATAH,5a67c1c92525b9997591a819,\HOME\GRTH,3072000000
367,2,VOLDATAH,5a67c1c92525b9997591a81b,\HOME\GTOT,1024000000
368,2,VOLDATAH,5a67c1c92525b9997591a81d,\HOME\GVCT,1024000000
369,2,VOLDATAH,5a67c1c92525b9997591a81f,\HOME\GZAE,1024000000
370,2,VOLDATAH,5a67c1c92525b9997591a821,\HOME\GZLR,1024000000
371,2,VOLDATAH,5a67c1c92525b9997591a823,\HOME\HCMN,1024000000
372,2,VOLDATAH,5a67c1c92525b9997591a825,\HOME\HNR,2048000000
373,2,VOLDATAH,5a67c1c92525b9997591a827,\HOME\HRAcces2,1024000000
374,2,VOLDATAH,5a67c1c92525b9997591a829,\HOME\HRACCESS,1024000000
375,2,VOLDATAH,5a67c1c92525b9997591a82b,\HOME\HSBY,1024000000
376,2,VOLDATAH,5a67c1c92525b9997591a82d,\HOME\HTUL,1024000000
377,2,VOLDATAH,5a67c1c92525b9997591a82f,\HOME\IBLD,1024000000
378,2,VOLDATAH,5a67c1c92525b9997591a831,\HOME\IDME,1024000000
379,2,VOLDATAH,5a67c1c92525b9997591a833,\HOME\Igraphie,1024000000
380,2,VOLDATAH,5a67c1c92525b9997591a835,\HOME\ILAS,1024000000
381,2,VOLDATAH,5a67c1c92525b9997591a837,\HOME\ILIB,1024000000
382,2,VOLDATAH,5a67c1c92525b9997591a839,\HOME\ILRE,1024000000
383,2,VOLDATAH,5a67c1c92525b9997591a83b,\HOME\IMRE,3072000000
384,2,VOLDATAH,5a67c1c92525b9997591a83d,\HOME\INFOCREA,1024000000
385,2,VOLDATAH,5a67c1c92525b9997591a83f,\HOME\JAAR,1024000000
386,2,VOLDATAH,5a67c1c92525b9997591a841,\HOME\JATI,2048000000
387,2,VOLDATAH,5a67c1c92525b9997591a843,\HOME\JBBA,1024000000
388,2,VOLDATAH,5a67c1c92525b9997591a845,\HOME\JBMD,1024000000
389,2,VOLDATAH,5a67c1c92525b9997591a847,\HOME\JBNT,1024000000
390,2,VOLDATAH,5a67c1c92525b9997591a849,\HOME\JBOR,1024000000
391,2,VOLDATAH,5a67c1c92525b9997591a84b,\HOME\JBQT,1024000000
392,2,VOLDATAH,5a67c1c92525b9997591a84d,\HOME\JBRT,1024000000
393,2,VOLDATAH,5a67c1c92525b9997591a84f,\HOME\JBUT,1024000000
394,2,VOLDATAH,5a67c1c92525b9997591a851,\HOME\JBWR,1024000000
395,2,VOLDATAH,5a67c1c92525b9997591a853,\HOME\JCBI,1024000000
396,2,VOLDATAH,5a67c1c92525b9997591a855,\HOME\JCMT,1024000000
397,2,VOLDATAH,5a67c1c92525b9997591a857,\HOME\JCRX,1024000000
398,2,VOLDATAH,5a67c1c92525b9997591a859,\HOME\JCTE,1024000000
399,2,VOLDATAH,5a67c1c92525b9997591a85b,\HOME\JCTY,1024000000
400,2,VOLDATAH,5a67c1c92525b9997591a85d,\HOME\JCVT,1024000000
401,2,VOLDATAH,5a67c1c92525b9997591a85f,\HOME\JDMT,1024000000
402,2,VOLDATAH,5a67c1c92525b9997591a861,\HOME\JDUE,1024000000
403,2,VOLDATAH,5a67c1c92525b9997591a863,\HOME\JFBT,3072000000
404,2,VOLDATAH,5a67c1c92525b9997591a865,\HOME\JFRE,1024000000
405,2,VOLDATAH,5a67c1c92525b9997591a867,\HOME\JFUS,1024000000
406,2,VOLDATAH,5a67c1c92525b9997591a869,\HOME\JGHO,1024000000
407,2,VOLDATAH,5a67c1c92525b9997591a86b,\HOME\JGID,1024000000
408,2,VOLDATAH,5a67c1c92525b9997591a86d,\HOME\JGS,1024000000
409,2,VOLDATAH,5a67c1c92525b9997591a86f,\HOME\JHII,1024000000
410,2,VOLDATAH,5a67c1c92525b9997591a871,\HOME\JHMN,1024000000
411,2,VOLDATAH,5a67c1c92525b9997591a873,\HOME\JJCR,1024000000
412,2,VOLDATAH,5a67c1c92525b9997591a875,\HOME\JLBE,1024000000
413,2,VOLDATAH,5a67c1c92525b9997591a877,\HOME\JLBO,1024000000
414,2,VOLDATAH,5a67c1c92525b9997591a879,\HOME\JLCT,1073741824
415,2,VOLDATAH,5a67c1c92525b9997591a87b,\HOME\JLFE,1024000000
416,2,VOLDATAH,5a67c1c92525b9997591a87d,\HOME\JLGD,1024000000
417,2,VOLDATAH,5a67c1c92525b9997591a87f,\HOME\JLLE,1024000000
418,2,VOLDATAH,5a67c1c92525b9997591a881,\HOME\JLNG,1024000000
419,2,VOLDATAH,5a67c1c92525b9997591a883,\HOME\JLNR,1024000000
420,2,VOLDATAH,5a67c1c92525b9997591a885,\HOME\JLOQ,1024000000
421,2,VOLDATAH,5a67c1c92525b9997591a887,\HOME\JLRE,1024000000
422,2,VOLDATAH,5a67c1c92525b9997591a889,\HOME\JMCY,1024000000
423,2,VOLDATAH,5a67c1c92525b9997591a88b,\HOME\JMDI,2147483648
424,2,VOLDATAH,5a67c1c92525b9997591a88d,\HOME\JMFI,1024000000
425,2,VOLDATAH,5a67c1c92525b9997591a88f,\HOME\JMHX,1024000000
426,2,VOLDATAH,5a67c1c92525b9997591a891,\HOME\JMUY,1024000000
427,2,VOLDATAH,5a67c1c92525b9997591a893,\HOME\JNRY,1024000000
428,2,VOLDATAH,5a67c1c92525b9997591a895,\HOME\JPGY,1024000000
429,2,VOLDATAH,5a67c1c92525b9997591a897,\HOME\JPHT,1024000000
430,2,VOLDATAH,5a67c1c92525b9997591a899,\HOME\JPMT,1024000000
431,2,VOLDATAH,5a67c1c92525b9997591a89b,\HOME\JPRX,1024000000
432,2,VOLDATAH,5a67c1c92525b9997591a89d,\HOME\JPVS,1024000000
433,2,VOLDATAH,5a67c1c92525b9997591a89f,\HOME\JPZO,1024000000
434,2,VOLDATAH,5a67c1c92525b9997591a8a1,\HOME\JRI1,1024000000
435,2,VOLDATAH,5a67c1c92525b9997591a8a3,\HOME\JRUE,1024000000
436,2,VOLDATAH,5a67c1c92525b9997591a8a5,\HOME\JTTD,1024000000
437,2,VOLDATAH,5a67c1c92525b9997591a8a7,\HOME\JURI01,2048000000
438,2,VOLDATAH,5a67c1c92525b9997591a8a9,\HOME\JURI02,1024000000
439,2,VOLDATAH,5a67c1c92525b9997591a8ab,\HOME\JURI03,1024000000
440,2,VOLDATAH,5a67c1c92525b9997591a8ad,\HOME\JURI04,1024000000
441,2,VOLDATAH,5a67c1c92525b9997591a8af,\HOME\JVRN,1024000000
442,2,VOLDATAH,5a67c1c92525b9997591a8b1,\HOME\JYBD,1024000000
443,2,VOLDATAH,5a67c1c92525b9997591a8b3,\HOME\KBTI,1024000000
444,2,VOLDATAH,5a67c1c92525b9997591a8b5,\HOME\KDIS,1024000000
445,2,VOLDATAH,5a67c1c92525b9997591a8b7,\HOME\KFRI,1024000000
446,2,VOLDATAH,5a67c1c92525b9997591a8b9,\HOME\KGR,3072000000
447,2,VOLDATAH,5a67c1c92525b9997591a8bb,\HOME\KLDX,1024000000
448,2,VOLDATAH,5a67c1c92525b9997591a8bd,\HOME\KRL,1024000000
449,2,VOLDATAH,5a67c1c92525b9997591a8bf,\HOME\KRPP,1024000000
450,2,VOLDATAH,5a67c1c92525b9997591a8c1,\HOME\KSSO,1024000000
451,2,VOLDATAH,5a67c1c92525b9997591a8c3,\HOME\LAAM,1024000000
452,2,VOLDATAH,5a67c1c92525b9997591a8c5,\HOME\LAAZ,1024000000
453,2,VOLDATAH,5a67c1c92525b9997591a8c7,\HOME\LAUL,1024000000
454,2,VOLDATAH,5a67c1c92525b9997591a8c9,\HOME\LAUTOLIB,1024000000
455,2,VOLDATAH,5a67c1c92525b9997591a8cb,\HOME\LBNL,1024000000
456,2,VOLDATAH,5a67c1c92525b9997591a8cd,\HOME\LBOE,1024000000
457,2,VOLDATAH,5a67c1c92525b9997591a8cf,\HOME\LBRR,1024000000
458,2,VOLDATAH,5a67c1c92525b9997591a8d1,\HOME\LCH,1024000000
459,2,VOLDATAH,5a67c1c92525b9997591a8d3,\HOME\LCKI,1024000000
460,2,VOLDATAH,5a67c1c92525b9997591a8d5,\HOME\LCTO,1024000000
461,2,VOLDATAH,5a67c1c92525b9997591a8d7,\HOME\LCTY,1024000000
462,2,VOLDATAH,5a67c1c92525b9997591a8d9,\HOME\LDAN,1024000000
463,2,VOLDATAH,5a67c1ca2525b9997591a8db,\HOME\LDGY,1024000000
464,2,VOLDATAH,5a67c1ca2525b9997591a8dd,\HOME\LDIT,1024000000
465,2,VOLDATAH,5a67c1ca2525b9997591a8df,\HOME\LDRU,1024000000
466,2,VOLDATAH,5a67c1ca2525b9997591a8e1,\HOME\LDSA,1024000000
467,2,VOLDATAH,5a67c1ca2525b9997591a8e3,\HOME\LDUN,1024000000
468,2,VOLDATAH,5a67c1ca2525b9997591a8e5,\HOME\Lecteurs,1024000000
469,2,VOLDATAH,5a67c1ca2525b9997591a8e7,\HOME\LFB,1024000000
470,2,VOLDATAH,5a67c1ca2525b9997591a8e9,\HOME\LFNT,1024000000
471,2,VOLDATAH,5a67c1ca2525b9997591a8eb,\HOME\LFRT,1024000000
472,2,VOLDATAH,5a67c1ca2525b9997591a8ed,\HOME\LFYD,1024000000
473,2,VOLDATAH,5a67c1ca2525b9997591a8ef,\HOME\LGLU,1536000000
474,2,VOLDATAH,5a67c1ca2525b9997591a8f1,\HOME\LGRU,1024000000
475,2,VOLDATAH,5a67c1ca2525b9997591a8f3,\HOME\LHJH,1024000000
476,2,VOLDATAH,5a67c1ca2525b9997591a8f5,\HOME\LJET,1024000000
477,2,VOLDATAH,5a67c1ca2525b9997591a8f7,\HOME\LLAX,1024000000
478,2,VOLDATAH,5a67c1ca2525b9997591a8f9,\HOME\LLIE,1024000000
479,2,VOLDATAH,5a67c1ca2525b9997591a8fb,\HOME\LLRL,1024000000
480,2,VOLDATAH,5a67c1ca2525b9997591a8fd,\HOME\LMDY,1024000000
481,2,VOLDATAH,5a67c1ca2525b9997591a8ff,\HOME\LMFT,1024000000
482,2,VOLDATAH,5a67c1ca2525b9997591a901,\HOME\LMNL,1024000000
483,2,VOLDATAH,5a67c1ca2525b9997591a903,\HOME\LOGT,1024000000
484,2,VOLDATAH,5a67c1ca2525b9997591a905,\HOME\LOS,3072000000
485,2,VOLDATAH,5a67c1ca2525b9997591a907,\HOME\LOSI,1024000000
486,2,VOLDATAH,5a67c1ca2525b9997591a909,\HOME\LPEE,1024000000
487,2,VOLDATAH,5a67c1ca2525b9997591a90b,\HOME\LPGI,1024000000
488,2,VOLDATAH,5a67c1ca2525b9997591a90d,\HOME\LRBL,1024000000
489,2,VOLDATAH,5a67c1ca2525b9997591a90f,\HOME\LRGR,1024000000
490,2,VOLDATAH,5a67c1ca2525b9997591a911,\HOME\LROE,1024000000
491,2,VOLDATAH,5a67c1ca2525b9997591a913,\HOME\LRUE,1024000000
492,2,VOLDATAH,5a67c1ca2525b9997591a915,\HOME\LS11,1024000000
493,2,VOLDATAH,5a67c1ca2525b9997591a917,\HOME\LS1D8,1024000000
494,2,VOLDATAH,5a67c1ca2525b9997591a919,\HOME\LS1DSI,1024000000
495,2,VOLDATAH,5a67c1ca2525b9997591a91b,\HOME\LS2D8,1024000000
496,2,VOLDATAH,5a67c1ca2525b9997591a91d,\HOME\LS2DSI,1024000000
497,2,VOLDATAH,5a67c1ca2525b9997591a91f,\HOME\LS3DSI-old,1024000000
498,2,VOLDATAH,5a67c1ca2525b9997591a921,\HOME\SLG830,1024000000
499,2,VOLDATAH,5a67c1ca2525b9997591a923,\HOME\LS5DSI,1024000000
500,2,VOLDATAH,5a67c1ca2525b9997591a925,\HOME\LSACHAT1,1024000000
501,2,VOLDATAH,5a67c1ca2525b9997591a927,\HOME\LSACHAT2,1024000000
502,2,VOLDATAH,5a67c1ca2525b9997591a929,\HOME\LSACHAT3,1024000000
503,2,VOLDATAH,5a67c1ca2525b9997591a92b,\HOME\LSACHAT4,1024000000
504,2,VOLDATAH,5a67c1ca2525b9997591a92d,\HOME\LSACHAT5,1024000000
505,2,VOLDATAH,5a67c1ca2525b9997591a92f,\HOME\LSACHAT6,1024000000
506,2,VOLDATAH,5a67c1ca2525b9997591a931,\HOME\LSACHAT7,1024000000
507,2,VOLDATAH,5a67c1ca2525b9997591a933,\HOME\LSACHAT8,1024000000
508,2,VOLDATAH,5a67c1ca2525b9997591a935,\HOME\LSACHAT9,1024000000
509,2,VOLDATAH,5a67c1ca2525b9997591a937,\HOME\LSASSUR1,1024000000
510,2,VOLDATAH,5a67c1ca2525b9997591a939,\HOME\LSAUDIT,1024000000
511,2,VOLDATAH,5a67c1ca2525b9997591a93b,\HOME\LSCN,1024000000
512,2,VOLDATAH,5a67c1ca2525b9997591a93d,\HOME\LSCONSO1,1024000000
513,2,VOLDATAH,5a67c1ca2525b9997591a93f,\HOME\LSCONSO2,1024000000
514,2,VOLDATAH,5a67c1ca2525b9997591a941,\HOME\LSCPTA1,1024000000
515,2,VOLDATAH,5a67c1ca2525b9997591a943,\HOME\LSCPTA2,1024000000
516,2,VOLDATAH,5a67c1ca2525b9997591a945,\HOME\LSCPTA3,1024000000
517,2,VOLDATAH,5a67c1ca2525b9997591a947,\HOME\LSCPTA4,1024000000
518,2,VOLDATAH,5a67c1ca2525b9997591a949,\HOME\LSCPTA5,1024000000
519,2,VOLDATAH,5a67c1ca2525b9997591a94b,\HOME\LSCPTA81,1024000000
520,2,VOLDATAH,5a67c1ca2525b9997591a94d,\HOME\LSCTGEST,1024000000
521,2,VOLDATAH,5a67c1ca2525b9997591a94f,\HOME\LSCTGST1,1024000000
522,2,VOLDATAH,5a67c1ca2525b9997591a951,\HOME\LSCTGST2,1024000000
523,2,VOLDATAH,5a67c1ca2525b9997591a953,\HOME\LSDAF,1024000000
524,2,VOLDATAH,5a67c1ca2525b9997591a955,\HOME\KEAY,1024000000
525,2,VOLDATAH,5a67c1ca2525b9997591a957,\HOME\LSDIGI11,1024000000
526,2,VOLDATAH,5a67c1ca2525b9997591a959,\HOME\LSDIGI12,1024000000
527,2,VOLDATAH,5a67c1ca2525b9997591a95b,\HOME\LSDIGI13,1024000000
528,2,VOLDATAH,5a67c1ca2525b9997591a95d,\HOME\LSDIGI14,1024000000
529,2,VOLDATAH,5a67c1ca2525b9997591a95f,\HOME\LSDIGI15,1024000000
530,2,VOLDATAH,5a67c1ca2525b9997591a961,\HOME\LSDIGI16,1024000000
531,2,VOLDATAH,5a67c1ca2525b9997591a963,\HOME\LSDIGI17,1024000000
532,2,VOLDATAH,5a67c1ca2525b9997591a965,\HOME\LSDIGI18,1024000000
533,2,VOLDATAH,5a67c1ca2525b9997591a967,\HOME\LSDIGI19,1024000000
534,2,VOLDATAH,5a67c1ca2525b9997591a969,\HOME\LSDIGI20,1024000000
535,2,VOLDATAH,5a67c1ca2525b9997591a96b,\HOME\LSDIGI21,1024000000
536,2,VOLDATAH,5a67c1ca2525b9997591a96d,\HOME\LSDIGI22,1024000000
537,2,VOLDATAH,5a67c1ca2525b9997591a96f,\HOME\LSDIGI23,1024000000
538,2,VOLDATAH,5a67c1ca2525b9997591a971,\HOME\LSDIGIT1,1024000000
539,2,VOLDATAH,5a67c1ca2525b9997591a973,\HOME\LSDIGIT2,1024000000
540,2,VOLDATAH,5a67c1ca2525b9997591a975,\HOME\LSDIGIT3,1024000000
541,2,VOLDATAH,5a67c1ca2525b9997591a977,\HOME\LSDIGIT4,1024000000
542,2,VOLDATAH,5a67c1ca2525b9997591a979,\HOME\LSDIGIT5,1024000000
543,2,VOLDATAH,5a67c1ca2525b9997591a97b,\HOME\LSDIGIT6,1024000000
544,2,VOLDATAH,5a67c1ca2525b9997591a97d,\HOME\LSDIGIT7,1024000000
545,2,VOLDATAH,5a67c1ca2525b9997591a97f,\HOME\LSDIGIT8,1024000000
546,2,VOLDATAH,5a67c1ca2525b9997591a981,\HOME\LSDIGIT9,1024000000
547,2,VOLDATAH,5a67c1ca2525b9997591a983,\HOME\LSFISCAL,1024000000
548,2,VOLDATAH,5a67c1ca2525b9997591a985,\HOME\LSIE,1024000000
549,2,VOLDATAH,5a67c1ca2525b9997591a987,\HOME\LSJURI01,1024000000
550,2,VOLDATAH,5a67c1ca2525b9997591a989,\HOME\LSLT,1024000000
551,2,VOLDATAH,5a67c1ca2525b9997591a98b,\HOME\LSNET1,1024000000
552,2,VOLDATAH,5a67c1ca2525b9997591a98d,\HOME\LSREGI1,1024000000
553,2,VOLDATAH,5a67c1ca2525b9997591a98f,\HOME\LSRHG1,1024000000
554,2,VOLDATAH,5a67c1ca2525b9997591a991,\HOME\LSRHG2,1024000000
555,2,VOLDATAH,5a67c1ca2525b9997591a993,\HOME\LSRHH,1024000000
556,2,VOLDATAH,5a67c1ca2525b9997591a995,\HOME\LSRHH2,1024000000
557,2,VOLDATAH,5a67c1ca2525b9997591a997,\HOME\LSSIRH,1024000000
558,2,VOLDATAH,5a67c1ca2525b9997591a999,\HOME\LSTRESO1,1024000000
559,2,VOLDATAH,5a67c1ca2525b9997591a99b,\HOME\LTSH,1024000000
560,2,VOLDATAH,5a67c1ca2525b9997591a99d,\HOME\LVIS,1024000000
561,2,VOLDATAH,5a67c1ca2525b9997591a99f,\HOME\LZLR,1024000000
562,2,VOLDATAH,5a67c1ca2525b9997591a9a1,\HOME\MACC,1024000000
563,2,VOLDATAH,5a67c1ca2525b9997591a9a3,\HOME\MADC,1024000000
564,2,VOLDATAH,5a67c1ca2525b9997591a9a5,\HOME\MADE,1024000000
565,2,VOLDATAH,5a67c1ca2525b9997591a9a7,\HOME\MAER,1024000000
566,2,VOLDATAH,5a67c1ca2525b9997591a9a9,\HOME\MAEY,1024000000
567,2,VOLDATAH,5a67c1ca2525b9997591a9ab,\HOME\MAGASIN8,1024000000
568,2,VOLDATAH,5a67c1ca2525b9997591a9ad,\HOME\MaintD8,1024000000
569,2,VOLDATAH,5a67c1ca2525b9997591a9af,\HOME\MBDS,1024000000
570,2,VOLDATAH,5a67c1ca2525b9997591a9b1,\HOME\MBEL,1024000000
571,2,VOLDATAH,5a67c1ca2525b9997591a9b3,\HOME\MBLE,1024000000
572,2,VOLDATAH,5a67c1ca2525b9997591a9b5,\HOME\MBND,1024000000
573,2,VOLDATAH,5a67c1ca2525b9997591a9b7,\HOME\MBNL,1024000000
574,2,VOLDATAH,5a67c1ca2525b9997591a9b9,\HOME\MBRS,1024000000
575,2,VOLDATAH,5a67c1ca2525b9997591a9bb,\HOME\MBTZ,1024000000
576,2,VOLDATAH,5a67c1ca2525b9997591a9bd,\HOME\MBUI,1024000000
577,2,VOLDATAH,5a67c1ca2525b9997591a9bf,\HOME\MBYF,1024000000
578,2,VOLDATAH,5a67c1ca2525b9997591a9c1,\HOME\MCAS,1024000000
579,2,VOLDATAH,5a67c1ca2525b9997591a9c3,\HOME\MCCO,1024000000
580,2,VOLDATAH,5a67c1ca2525b9997591a9c5,\HOME\MCEN,9216000000
581,2,VOLDATAH,5a67c1ca2525b9997591a9c7,\HOME\MCLR,1024000000
582,2,VOLDATAH,5a67c1ca2525b9997591a9c9,\HOME\MCMU,1024000000
583,2,VOLDATAH,5a67c1ca2525b9997591a9cb,\HOME\MCRT,1024000000
584,2,VOLDATAH,5a67c1ca2525b9997591a9cd,\HOME\MCRY_old,1024000000
585,2,VOLDATAH,5a67c1ca2525b9997591a9cf,\HOME\MCTD,1024000000
586,2,VOLDATAH,5a67c1ca2525b9997591a9d1,\HOME\MCUZ,1024000000
587,2,VOLDATAH,5a67c1ca2525b9997591a9d3,\HOME\MDSX,1024000000
588,2,VOLDATAH,5a67c1ca2525b9997591a9d5,\HOME\MEDIATEK,1024000000
589,2,VOLDATAH,5a67c1ca2525b9997591a9d7,\HOME\MEFN,1024000000
590,2,VOLDATAH,5a67c1ca2525b9997591a9d9,\HOME\MENAGE,1024000000
591,2,VOLDATAH,5a67c1ca2525b9997591a9db,\HOME\MFRE,1024000000
592,2,VOLDATAH,5a67c1ca2525b9997591a9dd,\HOME\MFT,1024000000
593,2,VOLDATAH,5a67c1ca2525b9997591a9df,\HOME\MFUE,1024000000
594,2,VOLDATAH,5a67c1ca2525b9997591a9e1,\HOME\MGAT,1024000000
595,2,VOLDATAH,5a67c1ca2525b9997591a9e3,\HOME\MGDE,1024000000
596,2,VOLDATAH,5a67c1ca2525b9997591a9e5,\HOME\MGEE,1024000000
597,2,VOLDATAH,5a67c1ca2525b9997591a9e7,\HOME\MGEJ,1024000000
598,2,VOLDATAH,5a67c1ca2525b9997591a9e9,\HOME\MGHO,1024000000
599,2,VOLDATAH,5a67c1ca2525b9997591a9eb,\HOME\MGOI,1024000000
600,2,VOLDATAH,5a67c1ca2525b9997591a9ed,\HOME\MGOM,1024000000
601,2,VOLDATAH,5a67c1ca2525b9997591a9ef,\HOME\MGRD,5632000000
602,2,VOLDATAH,5a67c1ca2525b9997591a9f1,\HOME\MGRY,1024000000
603,2,VOLDATAH,5a67c1ca2525b9997591a9f3,\HOME\MGT,1024000000
604,2,VOLDATAH,5a67c1ca2525b9997591a9f5,\HOME\MGUU,1024000000
605,2,VOLDATAH,5a67c1ca2525b9997591a9f7,\HOME\MHDD,1024000000
606,2,VOLDATAH,5a67c1ca2525b9997591a9f9,\HOME\MHMU,1024000000
607,2,VOLDATAH,5a67c1ca2525b9997591a9fb,\HOME\MHRO,2048000000
608,2,VOLDATAH,5a67c1ca2525b9997591a9fd,\HOME\MJFT,1024000000
609,2,VOLDATAH,5a67c1ca2525b9997591a9ff,\HOME\MKOE,1024000000
610,2,VOLDATAH,5a67c1ca2525b9997591aa01,\HOME\MKSR,1024000000
611,2,VOLDATAH,5a67c1ca2525b9997591aa03,\HOME\MLBN,1024000000
612,2,VOLDATAH,5a67c1ca2525b9997591aa05,\HOME\MLCR,1024000000
613,2,VOLDATAH,5a67c1ca2525b9997591aa07,\HOME\MLFT,1024000000
614,2,VOLDATAH,5a67c1ca2525b9997591aa09,\HOME\MLLE,1024000000
615,2,VOLDATAH,5a67c1ca2525b9997591aa0b,\HOME\MLNE,1024000000
616,2,VOLDATAH,5a67c1ca2525b9997591aa0d,\HOME\MLPD,1024000000
617,2,VOLDATAH,5a67c1ca2525b9997591aa0f,\HOME\MMCR,1024000000
618,2,VOLDATAH,5a67c1ca2525b9997591aa11,\HOME\MMLE,1024000000
619,2,VOLDATAH,5a67c1ca2525b9997591aa13,\HOME\MMLT,1024000000
620,2,VOLDATAH,5a67c1ca2525b9997591aa15,\HOME\MONTAGE8,1024000000
621,2,VOLDATAH,5a67c1ca2525b9997591aa17,\HOME\MOOA,1024000000
622,2,VOLDATAH,5a67c1ca2525b9997591aa19,\HOME\MPIR,1024000000
623,2,VOLDATAH,5a67c1ca2525b9997591aa1b,\HOME\MPSS,1024000000
624,2,VOLDATAH,5a67c1ca2525b9997591aa1d,\HOME\MPTR,1024000000
625,2,VOLDATAH,5a67c1ca2525b9997591aa1f,\HOME\MPTT,1024000000
626,2,VOLDATAH,5a67c1ca2525b9997591aa21,\HOME\MREN,1024000000
627,2,VOLDATAH,5a67c1ca2525b9997591aa23,\HOME\MRET,1024000000
628,2,VOLDATAH,5a67c1ca2525b9997591aa25,\HOME\MRND,1024000000
629,2,VOLDATAH,5a67c1ca2525b9997591aa27,\HOME\MSAN,1024000000
630,2,VOLDATAH,5a67c1ca2525b9997591aa29,\HOME\MSOY,1024000000
631,2,VOLDATAH,5a67c1ca2525b9997591aa2b,\HOME\MSZE,1024000000
632,2,VOLDATAH,5a67c1ca2525b9997591aa2d,\HOME\MZRB,1024000000
633,2,VOLDATAH,5a67c1ca2525b9997591aa2f,\HOME\NAGIOS1,1024000000
634,2,VOLDATAH,5a67c1ca2525b9997591aa31,\HOME\NAGIOS2,1024000000
635,2,VOLDATAH,5a67c1ca2525b9997591aa33,\HOME\NAGIOS3,1024000000
636,2,VOLDATAH,5a67c1ca2525b9997591aa35,\HOME\NAGIOS4,1024000000
637,2,VOLDATAH,5a67c1ca2525b9997591aa37,\HOME\NAKO,1024000000
638,2,VOLDATAH,5a67c1ca2525b9997591aa39,\HOME\NANE,1024000000
639,2,VOLDATAH,5a67c1ca2525b9997591aa3b,\HOME\NBON,1024000000
640,2,VOLDATAH,5a67c1ca2525b9997591aa3d,\HOME\NCAR,1024000000
641,2,VOLDATAH,5a67c1ca2525b9997591aa3f,\HOME\NCLD,1024000000
642,2,VOLDATAH,5a67c1ca2525b9997591aa41,\HOME\NDLE,1024000000
643,2,VOLDATAH,5a67c1ca2525b9997591aa43,\HOME\News4,1024000000
644,2,VOLDATAH,5a67c1ca2525b9997591aa45,\HOME\NFAE,1024000000
645,2,VOLDATAH,5a67c1ca2525b9997591aa47,\HOME\NGUN,1024000000
646,2,VOLDATAH,5a67c1ca2525b9997591aa49,\HOME\NHTZ,1024000000
647,2,VOLDATAH,5a67c1ca2525b9997591aa4b,\HOME\NLBR,1024000000
648,2,VOLDATAH,5a67c1ca2525b9997591aa4d,\HOME\NLCN,1024000000
649,2,VOLDATAH,5a67c1ca2525b9997591aa4f,\HOME\NLFT,1024000000
650,2,VOLDATAH,5a67c1ca2525b9997591aa51,\HOME\NLPD,1024000000
651,2,VOLDATAH,5a67c1ca2525b9997591aa53,\HOME\NLRY,1024000000
652,2,VOLDATAH,5a67c1ca2525b9997591aa55,\HOME\NPES,1024000000
653,2,VOLDATAH,5a67c1ca2525b9997591aa57,\HOME\NPHU,1024000000
654,2,VOLDATAH,5a67c1ca2525b9997591aa59,\HOME\NPIT,1024000000
655,2,VOLDATAH,5a67c1ca2525b9997591aa5b,\HOME\NPOU,1024000000
656,2,VOLDATAH,5a67c1ca2525b9997591aa5d,\HOME\NRLN,1024000000
657,2,VOLDATAH,5a67c1ca2525b9997591aa5f,\HOME\NSAR,1024000000
658,2,VOLDATAH,5a67c1ca2525b9997591aa61,\HOME\NTPN,1024000000
659,2,VOLDATAH,5a67c1ca2525b9997591aa63,\HOME\OBFD,1024000000
660,2,VOLDATAH,5a67c1ca2525b9997591aa65,\HOME\OBHN,1024000000
661,2,VOLDATAH,5a67c1ca2525b9997591aa67,\HOME\OBOU,1024000000
662,2,VOLDATAH,5a67c1ca2525b9997591aa69,\HOME\OCKD,1024000000
663,2,VOLDATAH,5a67c1ca2525b9997591aa6b,\HOME\OGOT,1024000000
664,2,VOLDATAH,5a67c1ca2525b9997591aa6d,\HOME\OLBT,1024000000
665,2,VOLDATAH,5a67c1ca2525b9997591aa6f,\HOME\OMAA,1024000000
666,2,VOLDATAH,5a67c1ca2525b9997591aa71,\HOME\OMCL,1024000000
667,2,VOLDATAH,5a67c1ca2525b9997591aa73,\HOME\OOZI,1024000000
668,2,VOLDATAH,5a67c1ca2525b9997591aa75,\HOME\OPEU,1024000000
669,2,VOLDATAH,5a67c1ca2525b9997591aa77,\HOME\OTES,1024000000
670,2,VOLDATAH,5a67c1ca2525b9997591aa79,\HOME\OWILL,1024000000
671,2,VOLDATAH,5a67c1ca2525b9997591aa7b,\HOME\PALE,1024000000
672,2,VOLDATAH,5a67c1ca2525b9997591aa7d,\HOME\PBBN,1024000000
673,2,VOLDATAH,5a67c1ca2525b9997591aa7f,\HOME\PBDN,1024000000
674,2,VOLDATAH,5a67c1ca2525b9997591aa81,\HOME\PBLZ,1024000000
675,2,VOLDATAH,5a67c1ca2525b9997591aa83,\HOME\PBZI,1024000000
676,2,VOLDATAH,5a67c1ca2525b9997591aa85,\HOME\PCNN,1024000000
677,2,VOLDATAH,5a67c1ca2525b9997591aa87,\HOME\PCSL,1024000000
678,2,VOLDATAH,5a67c1ca2525b9997591aa89,\HOME\PDGD,2048000000
679,2,VOLDATAH,5a67c1ca2525b9997591aa8b,\HOME\PDUY,1024000000
680,2,VOLDATAH,5a67c1ca2525b9997591aa8d,\HOME\PERL,1024000000
681,2,VOLDATAH,5a67c1ca2525b9997591aa8f,\HOME\PFML,1024000000
682,2,VOLDATAH,5a67c1ca2525b9997591aa91,\HOME\PFUE,1024000000
683,2,VOLDATAH,5a67c1ca2525b9997591aa93,\HOME\PGBN,1024000000
684,2,VOLDATAH,5a67c1ca2525b9997591aa95,\HOME\PGEN,1024000000
685,2,VOLDATAH,5a67c1ca2525b9997591aa97,\HOME\PGMY,1024000000
686,2,VOLDATAH,5a67c1ca2525b9997591aa99,\HOME\PHFY,1024000000
687,2,VOLDATAH,5a67c1ca2525b9997591aa9b,\HOME\PIDNS,1024000000
688,2,VOLDATAH,5a67c1ca2525b9997591aa9d,\HOME\PLBO,1024000000
689,2,VOLDATAH,5a67c1ca2525b9997591aa9f,\HOME\PLBU,1024000000
690,2,VOLDATAH,5a67c1ca2525b9997591aaa1,\HOME\PLGO,1024000000
691,2,VOLDATAH,5a67c1ca2525b9997591aaa3,\HOME\PLGS,1024000000
692,2,VOLDATAH,5a67c1ca2525b9997591aaa5,\HOME\PLNY,1024000000
693,2,VOLDATAH,5a67c1ca2525b9997591aaa7,\HOME\PLPY,4608000000
694,2,VOLDATAH,5a67c1ca2525b9997591aaa9,\HOME\PMRE,1024000000
695,2,VOLDATAH,5a67c1ca2525b9997591aaab,\HOME\POSTPROD,1024000000
696,2,VOLDATAH,5a67c1ca2525b9997591aaad,\HOME\PSAI,1024000000
697,2,VOLDATAH,5a67c1ca2525b9997591aaaf,\HOME\PYBD,1024000000
698,2,VOLDATAH,5a67c1ca2525b9997591aab1,\HOME\QBAH,1024000000
699,2,VOLDATAH,5a67c1ca2525b9997591aab3,\HOME\RAS,1024000000
700,2,VOLDATAH,5a67c1ca2525b9997591aab5,\HOME\RBEH,1024000000
701,2,VOLDATAH,5a67c1ca2525b9997591aab7,\HOME\RDVE,1024000000
702,2,VOLDATAH,5a67c1ca2525b9997591aab9,\HOME\REALD8,1024000000
703,2,VOLDATAH,5a67c1ca2525b9997591aabb,\HOME\Redac1,1024000000
704,2,VOLDATAH,5a67c1ca2525b9997591aabd,\HOME\Redac2,1024000000
705,2,VOLDATAH,5a67c1ca2525b9997591aabf,\HOME\RedacFTP,1024000000
706,2,VOLDATAH,5a67c1ca2525b9997591aac1,\HOME\REDACFTP1,1024000000
707,2,VOLDATAH,5a67c1ca2525b9997591aac3,\HOME\REDACFTP2,1024000000
708,2,VOLDATAH,5a67c1ca2525b9997591aac5,\HOME\REGIE1,1024000000
709,2,VOLDATAH,5a67c1ca2525b9997591aac7,\HOME\REUTER1,1024000000
710,2,VOLDATAH,5a67c1ca2525b9997591aac9,\HOME\RFES,1024000000
711,2,VOLDATAH,5a67c1ca2525b9997591aacb,\HOME\RGEY,1024000000
712,2,VOLDATAH,5a67c1ca2525b9997591aacd,\HOME\RMAO,1024000000
713,2,VOLDATAH,5a67c1ca2525b9997591aacf,\HOME\RNYN,1024000000
714,2,VOLDATAH,5a67c1ca2525b9997591aad1,\HOME\RPLT,1024000000
715,2,VOLDATAH,5a67c1ca2525b9997591aad3,\HOME\RSVU,1024000000
716,2,VOLDATAH,5a67c1ca2525b9997591aad5,\HOME\RSWZ,1024000000
717,2,VOLDATAH,5a67c1ca2525b9997591aad7,\HOME\SAEE,1024000000
718,2,VOLDATAH,5a67c1ca2525b9997591aad9,\HOME\SAIT,1024000000
719,2,VOLDATAH,5a67c1ca2525b9997591aadb,\HOME\SALLE545,1024000000
720,2,VOLDATAH,5a67c1ca2525b9997591aadd,\HOME\SALR,1024000000
721,2,VOLDATAH,5a67c1ca2525b9997591aadf,\HOME\SBAA,1024000000
722,2,VOLDATAH,5a67c1ca2525b9997591aae1,\HOME\SBAI,1024000000
723,2,VOLDATAH,5a67c1ca2525b9997591aae3,\HOME\SBEL,1024000000
724,2,VOLDATAH,5a67c1ca2525b9997591aae5,\HOME\SBHU,1024000000
725,2,VOLDATAH,5a67c1ca2525b9997591aae7,\HOME\SBLE,1024000000
726,2,VOLDATAH,5a67c1ca2525b9997591aae9,\HOME\SBST,1024000000
727,2,VOLDATAH,5a67c1ca2525b9997591aaeb,\HOME\SBUT,1024000000
728,2,VOLDATAH,5a67c1ca2525b9997591aaed,\HOME\SCBN,1024000000
729,2,VOLDATAH,5a67c1ca2525b9997591aaef,\HOME\SCFN,1024000000
730,2,VOLDATAH,5a67c1ca2525b9997591aaf1,\HOME\SCIN,1024000000
731,2,VOLDATAH,5a67c1ca2525b9997591aaf3,\HOME\SCLR,1024000000
732,2,VOLDATAH,5a67c1ca2525b9997591aaf5,\HOME\SCRIPT1,1024000000
733,2,VOLDATAH,5a67c1ca2525b9997591aaf7,\HOME\SCRIPT2,1024000000
734,2,VOLDATAH,5a67c1ca2525b9997591aaf9,\HOME\SCRIPT3,1024000000
735,2,VOLDATAH,5a67c1ca2525b9997591aafb,\HOME\SCTI,1024000000
736,2,VOLDATAH,5a67c1ca2525b9997591aafd,\HOME\SCUR,1024000000
737,2,VOLDATAH,5a67c1ca2525b9997591aaff,\HOME\SDBG,1024000000
738,2,VOLDATAH,5a67c1ca2525b9997591ab01,\HOME\SDEI,1024000000
739,2,VOLDATAH,5a67c1ca2525b9997591ab03,\HOME\SDGN,1024000000
740,2,VOLDATAH,5a67c1ca2525b9997591ab05,\HOME\SDMS,1024000000
741,2,VOLDATAH,5a67c1ca2525b9997591ab07,\HOME\SDPT,1024000000
742,2,VOLDATAH,5a67c1ca2525b9997591ab09,\HOME\SEAI,1024000000
743,2,VOLDATAH,5a67c1ca2525b9997591ab0b,\HOME\SEEU,1024000000
744,2,VOLDATAH,5a67c1ca2525b9997591ab0d,\HOME\SFAI,1024000000
745,2,VOLDATAH,5a67c1ca2525b9997591ab0f,\HOME\SFRH,1024000000
746,2,VOLDATAH,5a67c1ca2525b9997591ab11,\HOME\SFSD,1024000000
747,2,VOLDATAH,5a67c1ca2525b9997591ab13,\HOME\SGCA,1024000000
748,2,VOLDATAH,5a67c1ca2525b9997591ab15,\HOME\SGIO,1024000000
749,2,VOLDATAH,5a67c1ca2525b9997591ab17,\HOME\SGIT,1024000000
750,2,VOLDATAH,5a67c1ca2525b9997591ab19,\HOME\SGOS,1024000000
751,2,VOLDATAH,5a67c1ca2525b9997591ab1b,\HOME\SHZT,1024000000
752,2,VOLDATAH,5a67c1ca2525b9997591ab1d,\HOME\SJNT,1024000000
753,2,VOLDATAH,5a67c1ca2525b9997591ab1f,\HOME\SKAI,1024000000
754,2,VOLDATAH,5a67c1ca2525b9997591ab21,\HOME\SKMR,1024000000
755,2,VOLDATAH,5a67c1ca2525b9997591ab23,\HOME\SLBS,1024000000
756,2,VOLDATAH,5a67c1ca2525b9997591ab25,\HOME\SLEE,1024000000
757,2,VOLDATAH,5a67c1ca2525b9997591ab27,\HOME\SLGX,1024000000
758,2,VOLDATAH,5a67c1ca2525b9997591ab29,\HOME\SLLR,1024000000
759,2,VOLDATAH,5a67c1ca2525b9997591ab2b,\HOME\SLPO,1024000000
760,2,VOLDATAH,5a67c1ca2525b9997591ab2d,\HOME\SLRT,1024000000
761,2,VOLDATAH,5a67c1ca2525b9997591ab2f,\HOME\SLSG,1024000000
762,2,VOLDATAH,5a67c1ca2525b9997591ab31,\HOME\SLSN,1024000000
763,2,VOLDATAH,5a67c1ca2525b9997591ab33,\HOME\SMAU,1024000000
764,2,VOLDATAH,5a67c1ca2525b9997591ab35,\HOME\SMES,1024000000
765,2,VOLDATAH,5a67c1ca2525b9997591ab37,\HOME\SMRS,1024000000
766,2,VOLDATAH,5a67c1ca2525b9997591ab39,\HOME\SMSR,1024000000
767,2,VOLDATAH,5a67c1ca2525b9997591ab3b,\HOME\SMUH,1024000000
768,2,VOLDATAH,5a67c1ca2525b9997591ab3d,\HOME\SNDR,5120000000
769,2,VOLDATAH,5a67c1ca2525b9997591ab3f,\HOME\SPDG,1024000000
770,2,VOLDATAH,5a67c1ca2525b9997591ab41,\HOME\SPER,1024000000
771,2,VOLDATAH,5a67c1ca2525b9997591ab43,\HOME\SPSN,1024000000
772,2,VOLDATAH,5a67c1ca2525b9997591ab45,\HOME\SPTS,1024000000
773,2,VOLDATAH,5a67c1ca2525b9997591ab47,\HOME\SPVS,2048000000
774,2,VOLDATAH,5a67c1ca2525b9997591ab49,\HOME\SREU,1024000000
775,2,VOLDATAH,5a67c1ca2525b9997591ab4b,\HOME\SRIN,1024000000
776,2,VOLDATAH,5a67c1ca2525b9997591ab4d,\HOME\SSAI,1024000000
777,2,VOLDATAH,5a67c1ca2525b9997591ab4f,\HOME\SSAM,1024000000
778,2,VOLDATAH,5a67c1ca2525b9997591ab51,\HOME\SSMZ,1024000000
779,2,VOLDATAH,5a67c1ca2525b9997591ab53,\HOME\SSNC,1024000000
780,2,VOLDATAH,5a67c1ca2525b9997591ab55,\HOME\SSOL,1024000000
781,2,VOLDATAH,5a67c1ca2525b9997591ab57,\HOME\ST1FOND,1024000000
782,2,VOLDATAH,5a67c1ca2525b9997591ab59,\HOME\ST2DRHD8,1024000000
783,2,VOLDATAH,5a67c1ca2525b9997591ab5b,\HOME\STACHA1,1024000000
784,2,VOLDATAH,5a67c1ca2525b9997591ab5d,\HOME\Stag10D8,1024000000
785,2,VOLDATAH,5a67c1ca2525b9997591ab5f,\HOME\Stag11D8,1024000000
786,2,VOLDATAH,5a67c1ca2525b9997591ab61,\HOME\Stag12D8,1024000000
787,2,VOLDATAH,5a67c1ca2525b9997591ab63,\HOME\Stag13D8,1024000000
788,2,VOLDATAH,5a67c1ca2525b9997591ab65,\HOME\Stag14D8,1024000000
789,2,VOLDATAH,5a67c1ca2525b9997591ab67,\HOME\Stag15D8,1024000000
790,2,VOLDATAH,5a67c1ca2525b9997591ab69,\HOME\Stag16D8,1024000000
791,2,VOLDATAH,5a67c1ca2525b9997591ab6b,\HOME\Stag19D8,1024000000
792,2,VOLDATAH,5a67c1ca2525b9997591ab6d,\HOME\Stag20D8,1024000000
793,2,VOLDATAH,5a67c1ca2525b9997591ab6f,\HOME\Stag21D8,1024000000
794,2,VOLDATAH,5a67c1ca2525b9997591ab71,\HOME\Stag22D8,1024000000
795,2,VOLDATAH,5a67c1ca2525b9997591ab73,\HOME\Stag23D8,1024000000
796,2,VOLDATAH,5a67c1ca2525b9997591ab75,\HOME\Stag24D8,1024000000
797,2,VOLDATAH,5a67c1ca2525b9997591ab77,\HOME\STAG25D8,1024000000
798,2,VOLDATAH,5a67c1ca2525b9997591ab79,\HOME\Stag26D8,1024000000
799,2,VOLDATAH,5a67c1ca2525b9997591ab7b,\HOME\Stag27D8,1024000000
800,2,VOLDATAH,5a67c1ca2525b9997591ab7d,\HOME\Stag28D8,1024000000
801,2,VOLDATAH,5a67c1ca2525b9997591ab7f,\HOME\Stag29D8,1024000000
802,2,VOLDATAH,5a67c1ca2525b9997591ab81,\HOME\Stag30D8,1024000000
803,2,VOLDATAH,5a67c1ca2525b9997591ab83,\HOME\Stag31D8,1024000000
804,2,VOLDATAH,5a67c1ca2525b9997591ab85,\HOME\Stag32D8,1024000000
805,2,VOLDATAH,5a67c1ca2525b9997591ab87,\HOME\Stag33D8,1024000000
806,2,VOLDATAH,5a67c1ca2525b9997591ab89,\HOME\Stag34D8,1024000000
807,2,VOLDATAH,5a67c1ca2525b9997591ab8b,\HOME\Stag35D8,1024000000
808,2,VOLDATAH,5a67c1ca2525b9997591ab8d,\HOME\Stag36D8,1024000000
809,2,VOLDATAH,5a67c1ca2525b9997591ab8f,\HOME\Stag37D8,1024000000
810,2,VOLDATAH,5a67c1ca2525b9997591ab91,\HOME\Stag38D8,1024000000
811,2,VOLDATAH,5a67c1ca2525b9997591ab93,\HOME\Stag39D8,1024000000
812,2,VOLDATAH,5a67c1ca2525b9997591ab95,\HOME\STAG3BM,1024000000
813,2,VOLDATAH,5a67c1ca2525b9997591ab97,\HOME\Stag40D8,1024000000
814,2,VOLDATAH,5a67c1ca2525b9997591ab99,\HOME\Stag41D8,1024000000
815,2,VOLDATAH,5a67c1ca2525b9997591ab9b,\HOME\Stag42D8,1024000000
816,2,VOLDATAH,5a67c1ca2525b9997591ab9d,\HOME\Stag44D8,8192000000
817,2,VOLDATAH,5a67c1ca2525b9997591ab9f,\HOME\Stag45D8,1024000000
818,2,VOLDATAH,5a67c1ca2525b9997591aba1,\HOME\Stag47D8,1024000000
819,2,VOLDATAH,5a67c1ca2525b9997591aba3,\HOME\Stag48D8,1024000000
820,2,VOLDATAH,5a67c1ca2525b9997591aba5,\HOME\Stag49D8,1024000000
821,2,VOLDATAH,5a67c1ca2525b9997591aba7,\HOME\STAG4BM,1024000000
822,2,VOLDATAH,5a67c1ca2525b9997591aba9,\HOME\Stag51D8,1024000000
823,2,VOLDATAH,5a67c1ca2525b9997591abab,\HOME\Stag52D8,1024000000
824,2,VOLDATAH,5a67c1ca2525b9997591abad,\HOME\Stag53D8,1024000000
825,2,VOLDATAH,5a67c1ca2525b9997591abaf,\HOME\Stag54D8,1024000000
826,2,VOLDATAH,5a67c1ca2525b9997591abb1,\HOME\Stag55D8,1024000000
827,2,VOLDATAH,5a67c1ca2525b9997591abb3,\HOME\Stag56D8,1024000000
828,2,VOLDATAH,5a67c1ca2525b9997591abb5,\HOME\Stag57D8,1024000000
829,2,VOLDATAH,5a67c1ca2525b9997591abb7,\HOME\Stag58D8,1024000000
830,2,VOLDATAH,5a67c1ca2525b9997591abb9,\HOME\Stag59D8,1024000000
831,2,VOLDATAH,5a67c1ca2525b9997591abbb,\HOME\STAG5BM,1024000000
832,2,VOLDATAH,5a67c1ca2525b9997591abbd,\HOME\Stag60D8,1024000000
833,2,VOLDATAH,5a67c1ca2525b9997591abbf,\HOME\Stag61D8,1024000000
834,2,VOLDATAH,5a67c1ca2525b9997591abc1,\HOME\Stag62D8,1024000000
835,2,VOLDATAH,5a67c1ca2525b9997591abc3,\HOME\Stag63D8,1024000000
836,2,VOLDATAH,5a67c1ca2525b9997591abc5,\HOME\Stag64D8,1024000000
837,2,VOLDATAH,5a67c1cb2525b9997591abc7,\HOME\Stag66D,1024000000
838,2,VOLDATAH,5a67c1cb2525b9997591abc9,\HOME\StagD8XXX,1024000000
839,2,VOLDATAH,5a67c1cb2525b9997591abcb,\HOME\StagDSI,1024000000
840,2,VOLDATAH,5a67c1cb2525b9997591abcd,\HOME\Stage1D8,1024000000
841,2,VOLDATAH,5a67c1cb2525b9997591abcf,\HOME\Stage2D8,1024000000
842,2,VOLDATAH,5a67c1cb2525b9997591abd1,\HOME\Stage3D8,1024000000
843,2,VOLDATAH,5a67c1cb2525b9997591abd3,\HOME\Stage4D8,1024000000
844,2,VOLDATAH,5a67c1cb2525b9997591abd5,\HOME\Stage5D8,1024000000
845,2,VOLDATAH,5a67c1cb2525b9997591abd7,\HOME\Stage6D8,1024000000
846,2,VOLDATAH,5a67c1cb2525b9997591abd9,\HOME\Stage7D8,1024000000
847,2,VOLDATAH,5a67c1cb2525b9997591abdb,\HOME\Stage8D8,1024000000
848,2,VOLDATAH,5a67c1cb2525b9997591abdd,\HOME\Stage9D8,1024000000
849,2,VOLDATAH,5a67c1cb2525b9997591abdf,\HOME\STAGEVT1,1024000000
850,2,VOLDATAH,5a67c1cb2525b9997591abe1,\HOME\STAGEVT2,1024000000
851,2,VOLDATAH,5a67c1cb2525b9997591abe3,\HOME\STAGRHD8,1024000000
852,2,VOLDATAH,5a67c1cb2525b9997591abe5,\HOME\STAUDIT1,102400000
853,2,VOLDATAH,5a67c1cb2525b9997591abe7,\HOME\STBMR01,4096
854,2,VOLDATAH,5a67c1cb2525b9997591abe9,\HOME\STBMR02,4096
855,2,VOLDATAH,5a67c1cb2525b9997591abeb,\HOME\STBMR03,4096
856,2,VOLDATAH,5a67c1cb2525b9997591abed,\HOME\STCS,1024000000
857,2,VOLDATAH,5a67c1cb2525b9997591abef,\HOME\STD8DRH,1024000000
858,2,VOLDATAH,5a67c1cb2525b9997591abf1,\HOME\STDIRGE1,1024000000
859,2,VOLDATAH,5a67c1cb2525b9997591abf3,\HOME\STDIRGE2,1024000000
860,2,VOLDATAH,5a67c1cb2525b9997591abf5,\HOME\STDIRGE3,1024000000
861,2,VOLDATAH,5a67c1cb2525b9997591abf7,\HOME\STDIRGE4,1024000000
862,2,VOLDATAH,5a67c1cb2525b9997591abf9,\HOME\STDIRGE5,1024000000
863,2,VOLDATAH,5a67c1cb2525b9997591abfb,\HOME\STDIRGEN,1024000000
864,2,VOLDATAH,5a67c1cb2525b9997591abfd,\HOME\STDMAT01,4096
865,2,VOLDATAH,5a67c1cb2525b9997591abff,\HOME\STDRHD8,1024000000
866,2,VOLDATAH,5a67c1cb2525b9997591ac01,\HOME\STDSTAR1,1024000000
867,2,VOLDATAH,5a67c1cb2525b9997591ac03,\HOME\STDSTAR2,1024000000
868,2,VOLDATAH,5a67c1cb2525b9997591ac05,\HOME\STDSTAR3,1024000000
869,2,VOLDATAH,5a67c1cb2525b9997591ac07,\HOME\STDSTAR4,1024000000
870,2,VOLDATAH,5a67c1cb2525b9997591ac09,\HOME\STEARTH1,1024000000
871,2,VOLDATAH,5a67c1cb2525b9997591ac0b,\HOME\STFISCA1,1024000000
872,2,VOLDATAH,5a67c1cb2525b9997591ac0d,\HOME\StGymP81,1024000000
873,2,VOLDATAH,5a67c1cb2525b9997591ac0f,\HOME\STJURI1,1024000000
874,2,VOLDATAH,5a67c1cb2525b9997591ac11,\HOME\STJURI2,1024000000
875,2,VOLDATAH,5a67c1cb2525b9997591ac13,\HOME\STJURID8,1024000000
876,2,VOLDATAH,5a67c1cb2525b9997591ac15,\HOME\STOCKD8,1024000000
877,2,VOLDATAH,5a67c1cb2525b9997591ac17,\HOME\STREGI10,1024000000
878,2,VOLDATAH,5a67c1cb2525b9997591ac19,\HOME\STREGI11,1024000000
879,2,VOLDATAH,5a67c1cb2525b9997591ac1b,\HOME\STREGI12,1024000000
880,2,VOLDATAH,5a67c1cb2525b9997591ac1d,\HOME\STREGI13,1024000000
881,2,VOLDATAH,5a67c1cb2525b9997591ac1f,\HOME\STREGI14,1024000000
882,2,VOLDATAH,5a67c1cb2525b9997591ac21,\HOME\STREGI15,1024000000
883,2,VOLDATAH,5a67c1cb2525b9997591ac23,\HOME\STREGI16,1024000000
884,2,VOLDATAH,5a67c1cb2525b9997591ac25,\HOME\STREGI17,1024000000
885,2,VOLDATAH,5a67c1cb2525b9997591ac27,\HOME\STREGIE1,1024000000
886,2,VOLDATAH,5a67c1cb2525b9997591ac29,\HOME\STREGIE2,1024000000
887,2,VOLDATAH,5a67c1cb2525b9997591ac2b,\HOME\STREGIE3,1024000000
888,2,VOLDATAH,5a67c1cb2525b9997591ac2d,\HOME\STREGIE4,1024000000
889,2,VOLDATAH,5a67c1cb2525b9997591ac2f,\HOME\STREGIE5,1024000000
890,2,VOLDATAH,5a67c1cb2525b9997591ac31,\HOME\STREGIE6,1024000000
891,2,VOLDATAH,5a67c1cb2525b9997591ac33,\HOME\STREGIE7,1024000000
892,2,VOLDATAH,5a67c1cb2525b9997591ac35,\HOME\STREGIE8,1024000000
893,2,VOLDATAH,5a67c1cb2525b9997591ac37,\HOME\STREGIE9,1024000000
894,2,VOLDATAH,5a67c1cb2525b9997591ac39,\HOME\STSI,2048000000
895,2,VOLDATAH,5a67c1cb2525b9997591ac3b,\HOME\STSN,2048000000
896,2,VOLDATAH,5a67c1cb2525b9997591ac3d,\HOME\STWEB01,1024000000
897,2,VOLDATAH,5a67c1cb2525b9997591ac3f,\HOME\STWEB02,1024000000
898,2,VOLDATAH,5a67c1cb2525b9997591ac41,\HOME\STWEB03,1024000000
899,2,VOLDATAH,5a67c1cb2525b9997591ac43,\HOME\STWEB04,1024000000
900,2,VOLDATAH,5a67c1cb2525b9997591ac45,\HOME\STWEB05,1024000000
901,2,VOLDATAH,5a67c1cb2525b9997591ac47,\HOME\STWEB06,1024000000
902,2,VOLDATAH,5a67c1cb2525b9997591ac49,\HOME\STWEB07,1024000000
903,2,VOLDATAH,5a67c1cb2525b9997591ac4b,\HOME\STWEB08,1024000000
904,2,VOLDATAH,5a67c1cb2525b9997591ac4d,\HOME\STWEB09,1024000000
905,2,VOLDATAH,5a67c1cb2525b9997591ac4f,\HOME\STWEB10,1024000000
906,2,VOLDATAH,5a67c1cb2525b9997591ac51,\HOME\SUTH,1024000000
907,2,VOLDATAH,5a67c1cb2525b9997591ac53,\HOME\SVEN,1024000000
908,2,VOLDATAH,5a67c1cb2525b9997591ac55,\HOME\SVET,1024000000
909,2,VOLDATAH,5a67c1cb2525b9997591ac57,\HOME\TBFS,1024000000
910,2,VOLDATAH,5a67c1cb2525b9997591ac59,\HOME\TBUT,1024000000
911,2,VOLDATAH,5a67c1cb2525b9997591ac5b,\HOME\TCLN,1024000000
912,2,VOLDATAH,5a67c1cb2525b9997591ac5d,\HOME\TCSN,1024000000
913,2,VOLDATAH,5a67c1cb2525b9997591ac5f,\HOME\TCUD,1024000000
914,2,VOLDATAH,5a67c1cb2525b9997591ac61,\HOME\TDLN,1024000000
915,2,VOLDATAH,5a67c1cb2525b9997591ac63,\HOME\TDVE,1024000000
916,2,VOLDATAH,5a67c1cb2525b9997591ac65,\HOME\TESTD8,1024000000
917,2,VOLDATAH,5a67c1cb2525b9997591ac67,\HOME\testd9,1024000000
918,2,VOLDATAH,5a67c1cb2525b9997591ac69,\HOME\TestVPN,1024000000
919,2,VOLDATAH,5a67c1cb2525b9997591ac6b,\HOME\TGBT,1024000000
920,2,VOLDATAH,5a67c1cb2525b9997591ac6d,\HOME\TGNT,1024000000
921,2,VOLDATAH,5a67c1cb2525b9997591ac6f,\HOME\TGUI,1024000000
922,2,VOLDATAH,5a67c1cb2525b9997591ac71,\HOME\THNT,1024000000
923,2,VOLDATAH,5a67c1cb2525b9997591ac73,\HOME\TJLQ,1024000000
924,2,VOLDATAH,5a67c1cb2525b9997591ac75,\HOME\TLAD,6144000000
925,2,VOLDATAH,5a67c1cb2525b9997591ac77,\HOME\TMND,1024000000
926,2,VOLDATAH,5a67c1cb2525b9997591ac79,\HOME\TPOT,1024000000
927,2,VOLDATAH,5a67c1cb2525b9997591ac7b,\HOME\TRAT,1024000000
928,2,VOLDATAH,5a67c1cb2525b9997591ac7d,\HOME\TRESM5,2048000000
929,2,VOLDATAH,5a67c1cb2525b9997591ac7f,\HOME\TTOI,1024000000
930,2,VOLDATAH,5a67c1cb2525b9997591ac81,\HOME\UNICAF1,1024000000
931,2,VOLDATAH,5a67c1cb2525b9997591ac83,\HOME\UNICAF2,1024000000
932,2,VOLDATAH,5a67c1cb2525b9997591ac85,\HOME\VADN,1024000000
933,2,VOLDATAH,5a67c1cb2525b9997591ac87,\HOME\VBLE,1024000000
934,2,VOLDATAH,5a67c1cb2525b9997591ac89,\HOME\VBNT,1024000000
935,2,VOLDATAH,5a67c1cb2525b9997591ac8b,\HOME\VBSC,1024000000
936,2,VOLDATAH,5a67c1cb2525b9997591ac8d,\HOME\VDAE,1024000000
937,2,VOLDATAH,5a67c1cb2525b9997591ac8f,\HOME\VDBS,1024000000
938,2,VOLDATAH,5a67c1cb2525b9997591ac91,\HOME\VDVL,1024000000
939,2,VOLDATAH,5a67c1cb2525b9997591ac93,\HOME\VFCS,1024000000
940,2,VOLDATAH,5a67c1cb2525b9997591ac95,\HOME\VFRY,1024000000
941,2,VOLDATAH,5a67c1cb2525b9997591ac97,\HOME\VFUE,1024000000
942,2,VOLDATAH,5a67c1cb2525b9997591ac99,\HOME\VGAS,1024000000
943,2,VOLDATAH,5a67c1cb2525b9997591ac9b,\HOME\VGCE,1024000000
944,2,VOLDATAH,5a67c1cb2525b9997591ac9d,\HOME\VIDEO,1024000000
945,2,VOLDATAH,5a67c1cb2525b9997591ac9f,\HOME\VJLE,1024000000
946,2,VOLDATAH,5a67c1cb2525b9997591aca1,\HOME\VJNE,1024000000
947,2,VOLDATAH,5a67c1cb2525b9997591aca3,\HOME\VKLA,1024000000
948,2,VOLDATAH,5a67c1cb2525b9997591aca5,\HOME\VLBE,1024000000
949,2,VOLDATAH,5a67c1cb2525b9997591aca7,\HOME\VLDC,1024000000
950,2,VOLDATAH,5a67c1cb2525b9997591aca9,\HOME\VMEN,1024000000
951,2,VOLDATAH,5a67c1cb2525b9997591acab,\HOME\VMLN,1024000000
952,2,VOLDATAH,5a67c1cb2525b9997591acad,\HOME\VMLR,1024000000
953,2,VOLDATAH,5a67c1cb2525b9997591acaf,\HOME\VPRT,1024000000
954,2,VOLDATAH,5a67c1cb2525b9997591acb1,\HOME\VRAD,1024000000
955,2,VOLDATAH,5a67c1cb2525b9997591acb3,\HOME\VRIY,1024000000
956,2,VOLDATAH,5a67c1cb2525b9997591acb5,\HOME\WAOR,1024000000
957,2,VOLDATAH,5a67c1cb2525b9997591acb7,\HOME\WEBFAM01,1024000000
958,2,VOLDATAH,5a67c1cb2525b9997591acb9,\HOME\WEBFAM02,1024000000
959,2,VOLDATAH,5a67c1cb2525b9997591acbb,\HOME\XAIT,1024000000
960,2,VOLDATAH,5a67c1cb2525b9997591acbd,\HOME\XCOS,1024000000
961,2,VOLDATAH,5a67c1cb2525b9997591acbf,\HOME\XCPS,1024000000
962,2,VOLDATAH,5a67c1cb2525b9997591acc1,\HOME\XFND,1024000000
963,2,VOLDATAH,5a67c1cb2525b9997591acc3,\HOME\XPOR,1024000000
964,2,VOLDATAH,5a67c1cb2525b9997591acc5,\HOME\XQIU,1024000000
965,2,VOLDATAH,5a67c1cb2525b9997591acc7,\HOME\XDPD\YBDN,1024000000
966,2,VOLDATAH,5a67c1cb2525b9997591acc9,\HOME\YBLE,1024000000
967,2,VOLDATAH,5a67c1cb2525b9997591accb,\HOME\YCBT,1024000000
968,2,VOLDATAH,5a67c1cb2525b9997591accd,\HOME\YGIN,1024000000
969,2,VOLDATAH,5a67c1cb2525b9997591accf,\HOME\YKAU,1024000000
970,2,VOLDATAH,5a67c1cb2525b9997591acd1,\HOME\YLAG,1024000000
971,2,VOLDATAH,5a67c1cb2525b9997591acd3,\HOME\YLBC,1024000000
972,2,VOLDATAH,5a67c1cb2525b9997591acd5,\HOME\YLCQ,1024000000
973,2,VOLDATAH,5a67c1cb2525b9997591acd7,\HOME\YLGC,1024000000
974,2,VOLDATAH,5a67c1cb2525b9997591acd9,\HOME\YLPO,1024000000
975,2,VOLDATAH,5a67c1cb2525b9997591acdb,\HOME\YRBN,1024000000
976,2,VOLDATAH,5a67c1cb2525b9997591acdd,\HOME\ZAP2011,1024000000
977,2,VOLDATAH,5a67c1cb2525b9997591acdf,\HOME\ZRK,1024000000
978,2,VOLDATAH,5a67c1cb2525b9997591ace1,\HOME\ZSAI,1024000000
979,2,VOLDATAH,5a67c1cb2525b9997591ace3,\HOME\ZSTA,1024000000
980,2,VOLDATAH,5a67c1cb2525b9997591ace5,\HOME\LSCANAL1,1024000000
981,2,VOLDATAH,5a67c1cb2525b9997591ace7,\HOME\LSCANAL2,1024000000
982,2,VOLDATAH,5a67c1cb2525b9997591ace9,\HOME\MMAD,1024000000
983,2,VOLDATAH,5a67c1cb2525b9997591aceb,\HOME\MSVR,1024000000
984,2,VOLDATAH,5a67c1cb2525b9997591aced,\HOME\SMNN,1024000000
985,2,VOLDATAH,5a67c1cb2525b9997591acef,\HOME\STEARTH2,1024000000
986,2,VOLDATAH,5a67c1cb2525b9997591acf1,\HOME\NBNR,1024000000
987,2,VOLDATAH,5a67c1cb2525b9997591acf3,\HOME\TCSS,1024000000
988,2,VOLDATAH,5a67c1cb2525b9997591acf5,\HOME\EXTMAT01,1024000000
989,2,VOLDATAH,5a67c1cb2525b9997591acf7,\HOME\MACT,1024000000
990,2,VOLDATAH,5a67c1cb2525b9997591acf9,\HOME\MDIL,1024000000
991,2,VOLDATAH,5a67c1cb2525b9997591acfb,\HOME\LSAFFI01,1024000000
992,2,VOLDATAH,5a67c1cb2525b9997591acfd,\HOME\LSAFFI02,1024000000
993,2,VOLDATAH,5a67c1cb2525b9997591acff,\HOME\LSAFFI03,1024000000
994,2,VOLDATAH,5a67c1cb2525b9997591ad01,\HOME\LSAFFI04,1024000000
995,2,VOLDATAH,5a67c1cb2525b9997591ad03,\HOME\MCVY,1024000000
996,2,VOLDATAH,5a67c1cb2525b9997591ad05,\HOME\SELY,1024000000
997,2,VOLDATAH,5a67c1cb2525b9997591ad07,\HOME\LSDG01,1024000000
998,2,VOLDATAH,5a67c1cb2525b9997591ad09,\HOME\STWEB11,1024000000
999,2,VOLDATAH,5a67c1cb2525b9997591ad0b,\HOME\PLLE,1024000000
1000,2,VOLDATAH,5a67c1cb2525b9997591ad0d,\HOME\CLDL,1024000000
1001,2,VOLDATAH,5a67c1cb2525b9997591ad0f,\HOME\PDAE,1024000000
1002,2,VOLDATAH,5a67c1cb2525b9997591ad11,\HOME\SHRH,1024000000
1003,2,VOLDATAH,5a67c1cb2525b9997591ad13,\HOME\TTSI,1024000000
1004,2,VOLDATAH,5a67c1cb2525b9997591ad15,\HOME\STBMR04,1024000000
1005,2,VOLDATAH,5a67c1cb2525b9997591ad17,\HOME\ADTS,1024000000
1006,2,VOLDATAH,5a67c1cb2525b9997591ad19,\HOME\EGTF,1024000000
1007,2,VOLDATAH,5a67c1cb2525b9997591ad1b,\HOME\MCVS,1024000000
1008,2,VOLDATAH,5a67c1cb2525b9997591ad1d,\HOME\SRMR,1024000000
1009,2,VOLDATAH,5a67c1cb2525b9997591ad1f,\HOME\FDAY,1024000000
1010,2,VOLDATAH,5a67c1cb2525b9997591ad21,\HOME\HSMN,1024000000
1011,2,VOLDATAH,5a67c1cb2525b9997591ad23,\HOME\STBMR05,1024000000
1012,2,VOLDATAH,5a67c1cb2525b9997591ad25,\HOME\LSDMAT01,1024000000
1013,2,VOLDATAH,5a67c1cb2525b9997591ad27,\HOME\VVRU,1024000000
1014,2,VOLDATAH,5a67c1cb2525b9997591ad29,\HOME\TVLN,1024000000
1015,2,VOLDATAH,5a67c1cb2525b9997591ad2b,\HOME\APPLE1,1024000000
1016,2,VOLDATAH,5a67c1cb2525b9997591ad2d,\HOME\APPLE2,1024000000
1017,2,VOLDATAH,5a67c1cb2525b9997591ad2f,\HOME\VLUT,1024000000
1018,2,VOLDATAH,5a67c1cb2525b9997591ad31,\HOME\FMSI,1024000000
1019,2,VOLDATAH,5a67c1cb2525b9997591ad33,\HOME\MATA,1024000000
1020,2,VOLDATAH,5a67c1cb2525b9997591ad35,\HOME\LSDSI6,1024000000
1021,2,VOLDATAH,5a67c1cb2525b9997591ad37,\HOME\GHST,1024000000
1022,2,VOLDATAH,5a67c1cb2525b9997591ad39,\HOME\SREZ,1024000000
1023,2,VOLDATAH,5a67c1cb2525b9997591ad3b,\HOME\AZUI,1024000000
1024,2,VOLDATAH,5a67c1cb2525b9997591ad3d,\HOME\VGMN_OLD,1024000000
1025,2,VOLDATAH,5a67c1cb2525b9997591ad3f,\HOME\STBMR08,1024000000
1026,2,VOLDATAH,5a67c1cb2525b9997591ad41,\HOME\LSOPTIMA,1024000000
1027,2,VOLDATAH,5a67c1cb2525b9997591ad43,\HOME\CAPTAINF7x,1024000000
1028,2,VOLDATAH,5a67c1cb2525b9997591ad45,\HOME\FIRSTOFFICERF7x,1024000000
1029,2,VOLDATAH,5a67c1cb2525b9997591ad47,\HOME\TECHNICIANF7x,1024000000
1030,2,VOLDATAH,5a67c1cb2525b9997591ad49,\HOME\CAPTAING6,1024000000
1031,2,VOLDATAH,5a67c1cb2525b9997591ad4b,\HOME\FIRSTOFFICERG6,1024000000
1032,2,VOLDATAH,5a67c1cb2525b9997591ad4d,\HOME\TECHNICIANG6,1024000000
1033,2,VOLDATAH,5a67c1cb2525b9997591ad4f,\HOME\LSTECDSI,1024000000
1034,2,VOLDATAH,5a67c1cb2525b9997591ad51,\HOME\LSCONSO3,1024000000
1035,2,VOLDATAH,5a67c1cb2525b9997591ad53,\HOME\SMLT,1024000000
1036,2,VOLDATAH,5a67c1cb2525b9997591ad55,\HOME\STDMAT05,1024000000
1037,2,VOLDATAH,5a67c1cb2525b9997591ad57,\HOME\STBMD01,1024000000
1038,2,VOLDATAH,5a67c1cb2525b9997591ad59,\HOME\FLDN,1024000000
1039,2,VOLDATAH,5a67c1cb2525b9997591ad5b,\HOME\TDMY,1024000000
1040,2,VOLDATAH,5a67c1cb2525b9997591ad5d,\HOME\APOI,1024000000
1041,2,VOLDATAH,5a67c1cb2525b9997591ad5f,\HOME\STBMR10,1024000000
1042,2,VOLDATAH,5a67c1cb2525b9997591ad61,\HOME\EBUX,1024000000
1043,2,VOLDATAH,5a67c1cb2525b9997591ad63,\HOME\LSCOM01,1024000000
1044,2,VOLDATAH,5a67c1cb2525b9997591ad65,\HOME\AMCI,1024000000
1045,2,VOLDATAH,5a67c1cb2525b9997591ad67,\HOME\CPOZ,1024000000
1046,2,VOLDATAH,5a67c1cb2525b9997591ad69,\HOME\BLX,1024000000
1047,2,VOLDATAH,5a67c1cb2525b9997591ad6b,\HOME\DCSL,1024000000
1048,2,VOLDATAH,5a67c1cb2525b9997591ad6d,\HOME\SLOX,2048000000
1049,2,VOLDATAH,5a67c1cb2525b9997591ad6f,\HOME\PAOR,1024000000
1050,2,VOLDATAH,5a67c1cb2525b9997591ad71,\HOME\PLMX,1024000000
1051,2,VOLDATAH,5a67c1cb2525b9997591ad73,\HOME\MHSN,1024000000
1052,2,VOLDATAH,5a67c1cb2525b9997591ad75,\HOME\MDEN,1024000000
1053,2,VOLDATAH,5a67c1cb2525b9997591ad77,\HOME\KRMI,1024000000
1054,2,VOLDATAH,5a67c1cb2525b9997591ad79,\HOME\FTIT,1024000000
1055,2,VOLDATAH,5a67c1cb2525b9997591ad7b,\HOME\MSIN,1536000000
1056,2,VOLDATAH,5a67c1cb2525b9997591ad7d,\HOME\GDANY,1024000000
1057,2,VOLDATAH,5a67c1cb2525b9997591ad7f,\HOME\MAAD,1024000000
1058,2,VOLDATAH,5a67c1cb2525b9997591ad81,\HOME\PILOTES,1024000000
1059,2,VOLDATAH,5a67c1cb2525b9997591ad83,\HOME\PAGR,1024000000
1060,2,VOLDATAH,5a67c1cb2525b9997591ad85,\HOME\STBMR11,1024000000
1061,2,VOLDATAH,5a67c1cb2525b9997591ad87,\HOME\ASNO,1024000000
1062,2,VOLDATAH,5a67c1cb2525b9997591ad89,\HOME\STDMAT03,1024000000
1063,2,VOLDATAH,5a67c1cb2525b9997591ad8b,\HOME\SFSD2,1024000000
1064,2,VOLDATAH,5a67c1cb2525b9997591ad8d,\HOME\NCUI,1024000000
1065,2,VOLDATAH,5a67c1cb2525b9997591ad8f,\HOME\STTITRE2,1024000000
1066,2,VOLDATAH,5a67c1cb2525b9997591ad91,\HOME\CDNY,1024000000
1067,2,VOLDATAH,5a67c1cb2525b9997591ad93,\HOME\FHLE,1024000000
1068,2,VOLDATAH,5a67c1cb2525b9997591ad95,\HOME\STDMAT04,1024000000
1069,2,VOLDATAH,5a67c1cb2525b9997591ad97,\HOME\LSCPTA06,1024000000
1070,2,VOLDATAH,5a67c1cb2525b9997591ad99,\HOME\LFHT,1024000000
1071,2,VOLDATAH,5a67c1cb2525b9997591ad9b,\HOME\TMRE,1024000000
1072,2,VOLDATAH,5a67c1cb2525b9997591ad9d,\HOME\SECUVAUC,1024000000
1073,2,VOLDATAH,5a67c1cb2525b9997591ad9f,\HOME\PFBI,1024000000
1074,2,VOLDATAH,5a67c1cb2525b9997591ada1,\HOME\SECTITRE,1024000000
1075,2,VOLDATAH,5a67c1cb2525b9997591ada3,\HOME\NLRE,1024000000
1076,2,VOLDATAH,5a67c1cb2525b9997591ada5,\HOME\ADCL,1024000000
1077,2,VOLDATAH,5a67c1cb2525b9997591ada7,\HOME\LSBLUE01,1024000000
1078,2,VOLDATAH,5a67c1cb2525b9997591ada9,\HOME\GJUE,1024000000
1079,2,VOLDATAH,5a67c1cb2525b9997591adab,\HOME\AMVL,1024000000
1080,2,VOLDATAH,5a67c1cb2525b9997591adad,\HOME\FBGE,1024000000
1081,2,VOLDATAH,5a67c1cb2525b9997591adaf,\HOME\CLBE,1024000000
1082,2,VOLDATAH,5a67c1cb2525b9997591adb1,\HOME\NAID,1024000000
1083,2,VOLDATAH,5a67c1cb2525b9997591adb3,\HOME\PCSURETE,1024000000
1084,2,VOLDATAH,5a67c1cb2525b9997591adb5,\HOME\PCINCENDIE,1024000000
1085,2,VOLDATAH,5a67c1cb2525b9997591adb7,\HOME\SGUT,1024000000
1086,2,VOLDATAH,5a67c1cb2525b9997591adb9,\HOME\LSCPTBM1,1024000000
1087,2,VOLDATAH,5a67c1cb2525b9997591adbb,\HOME\INCENDIE,1024000000
1088,2,VOLDATAH,5a67c1cb2525b9997591adbd,\HOME\AMDT,2048000000
1089,2,VOLDATAH,5a67c1cb2525b9997591adbf,\HOME\JFRU,1024000000
1090,2,VOLDATAH,5a67c1cb2525b9997591adc1,\HOME\STAGEPI,1024000000
1091,2,VOLDATAH,5a67c1cb2525b9997591adc3,\HOME\LSTECDSI2,1024000000
1092,2,VOLDATAH,5a67c1cb2525b9997591adc5,\HOME\FBZR,1024000000
1093,2,VOLDATAH,5a67c1cb2525b9997591adc7,\HOME\STAGE1BM,1024000000
1094,2,VOLDATAH,5a67c1cb2525b9997591adc9,\HOME\STDMAT06,1024000000
1095,2,VOLDATAH,5a67c1cb2525b9997591adcb,\HOME\TLOE,1024000000
1096,2,VOLDATAH,5a67c1cb2525b9997591adcd,\HOME\JMSI,1024000000
1097,2,VOLDATAH,5a67c1cb2525b9997591adcf,\HOME\PLAL,1024000000
1098,2,VOLDATAH,5a67c1cb2525b9997591add1,\HOME\DIRGEN,1024000000
1099,2,VOLDATAH,5a67c1cb2525b9997591add3,\HOME\JMRS,3072000000
1100,2,VOLDATAH,5a67c1cb2525b9997591add5,\HOME\LS3DSI,1024000000
1101,2,VOLDATAH,5a67c1cb2525b9997591add7,\HOME\BAUN,1024000000
1102,2,VOLDATAH,5a67c1cb2525b9997591add9,\HOME\MCRY_OL,1024000000
1103,2,VOLDATAH,5a67c1cb2525b9997591addb,\HOME\LSBLUE02,1024000000
1104,2,VOLDATAH,5a67c1cb2525b9997591addd,\HOME\LBTN,1024000000
1105,2,VOLDATAH,5a67c1cb2525b9997591addf,\HOME\CSHD,1024000000
1106,2,VOLDATAH,5a67c1cb2525b9997591ade1,\HOME\CVNT,1024000000
1107,2,VOLDATAH,5a67c1cb2525b9997591ade3,\HOME\VAAS,1024000000
1108,2,VOLDATAH,5a67c1cb2525b9997591ade5,\HOME\MCBT,1024000000
1109,2,VOLDATAH,5a67c1cb2525b9997591ade7,\HOME\FVEE,1024000000
1110,2,VOLDATAH,5a67c1cb2525b9997591ade9,\HOME\VHFR,1024000000
1111,2,VOLDATAH,5a67c1cb2525b9997591adeb,\HOME\BOLLPRE,1024000000
1112,2,VOLDATAH,5a67c1cb2525b9997591aded,\HOME\STDMAT07,1024000000
1113,2,VOLDATAH,5a67c1cb2525b9997591adef,\HOME\STDMAT08,1024000000
1114,2,VOLDATAH,5a67c1cb2525b9997591adf1,\HOME\JAUN,1536000000
1115,2,VOLDATAH,5a67c1cb2525b9997591adf3,\HOME\AGNA,1024000000
1116,2,VOLDATAH,5a67c1cb2525b9997591adf5,\HOME\LSJURI02,1024000000
1117,2,VOLDATAH,5a67c1cb2525b9997591adf7,\HOME\RVIE,1024000000
1118,2,VOLDATAH,5a67c1cb2525b9997591adf9,\HOME\ACTE,1024000000
1119,2,VOLDATAH,5a67c1cb2525b9997591adfb,\HOME\SRSA,1024000000
1120,2,VOLDATAH,5a67c1cb2525b9997591adfd,\HOME\MTSU,1024000000
1121,2,VOLDATAH,5a67c1cb2525b9997591adff,\HOME\FGLU,1024000000
1122,2,VOLDATAH,5a67c1cb2525b9997591ae01,\HOME\MKIK,1024000000
1123,2,VOLDATAH,5a67c1cb2525b9997591ae03,\HOME\JDEM,1024000000
1124,2,VOLDATAH,5a67c1cb2525b9997591ae05,\HOME\NRNL,1024000000
1125,2,VOLDATAH,5a67c1cb2525b9997591ae07,\HOME\AWNK,1024000000
1126,2,VOLDATAH,5a67c1cb2525b9997591ae09,\HOME\JLST,1024000000
1127,2,VOLDATAH,5a67c1cb2525b9997591ae0b,\HOME\LSDRHG1,1024000000
1128,2,VOLDATAH,5a67c1cb2525b9997591ae0d,\HOME\SNAA,1024000000
1129,2,VOLDATAH,5a67c1cb2525b9997591ae0f,\HOME\ARST,1024000000
1130,2,VOLDATAH,5a67c1cb2525b9997591ae11,\HOME\AAAD,1024000000
1131,2,VOLDATAH,5a67c1cb2525b9997591ae13,\HOME\MPNI,1024000000
1132,2,VOLDATAH,5a67c1cb2525b9997591ae15,\HOME\DIOE,1024000000
1133,2,VOLDATAH,5a67c1cb2525b9997591ae17,\HOME\SRDL,1024000000
1134,2,VOLDATAH,5a67c1cb2525b9997591ae19,\HOME\PRGN,1024000000
1135,2,VOLDATAH,5a67c1cb2525b9997591ae1b,\HOME\DGCA,1024000000
1136,2,VOLDATAH,5a67c1cb2525b9997591ae1d,\HOME\CFRS,1024000000
1137,2,VOLDATAH,5a67c1cb2525b9997591ae1f,\HOME\ALAD,1024000000
1138,2,VOLDATAH,5a67c1cb2525b9997591ae21,\HOME\FMDZ,1024000000
1139,2,VOLDATAH,5a67c1cb2525b9997591ae23,\HOME\NCII,4096
1140,2,VOLDATAH,5a67c1cb2525b9997591ae25,\HOME\LSCOM02,1024000000
1141,2,VOLDATAH,5a67c1cb2525b9997591ae27,\HOME\LSCPTBM2,1024000000
1142,2,VOLDATAH,5a67c1cb2525b9997591ae29,\HOME\NRDS,1024000000
1143,2,VOLDATAH,5a67c1cb2525b9997591ae2b,\HOME\ASSIB02,1024000000
1144,2,VOLDATAH,5a67c1cb2525b9997591ae2d,\HOME\BNAT,1024000000
1145,2,VOLDATAH,5a67c1cb2525b9997591ae2f,\HOME\MRSN,1024000000
1146,2,VOLDATAH,5a67c1cb2525b9997591ae31,\HOME\KSNN,1024000000
1147,2,VOLDATAH,5a67c1cb2525b9997591ae33,\HOME\XDAF,1024000000
1148,2,VOLDATAH,5a67c1cb2525b9997591ae35,\HOME\AZGI,1024000000
1149,2,VOLDATAH,5a67c1cb2525b9997591ae37,\HOME\EDEE,1024000000
1150,2,VOLDATAH,5a67c1cb2525b9997591ae39,\HOME\ADVS,1024000000
1151,2,VOLDATAH,5a67c1cb2525b9997591ae3b,\HOME\EMRN,1024000000
1152,2,VOLDATAH,5a67c1cb2525b9997591ae3d,\HOME\STBMR09,1024000000
1153,2,VOLDATAH,5a67c1cb2525b9997591ae3f,\HOME\STBMR12,1024000000
1154,2,VOLDATAH,5a67c1cb2525b9997591ae41,\HOME\TBAN,1024000000
1155,2,VOLDATAH,5a67c1cc2525b9997591ae43,\HOME\AENE,1024000000
1156,2,VOLDATAH,5a67c1cc2525b9997591ae45,\HOME\MSTE,1024000000
1157,2,VOLDATAH,5a67c1cc2525b9997591ae47,\HOME\CSAE,1024000000
1158,2,VOLDATAH,5a67c1cc2525b9997591ae49,\HOME\MSRN,1024000000
1159,2,VOLDATAH,5a67c1cc2525b9997591ae4b,\HOME\CDTE,1024000000
1160,2,VOLDATAH,5a67c1cc2525b9997591ae4d,\HOME\LTTX,1024000000
1161,2,VOLDATAH,5a67c1cc2525b9997591ae4f,\HOME\AOOI,7340032000
1162,2,VOLDATAH,5a67c1cc2525b9997591ae51,\HOME\JDAR,1024000000
1163,2,VOLDATAH,5a67c1cc2525b9997591ae53,\HOME\STMAT02,1024000000
1164,2,VOLDATAH,5a67c1cc2525b9997591ae55,\HOME\LREI,1024000000
1165,2,VOLDATAH,5a67c1cc2525b9997591ae57,\HOME\ASSIB03,1024000000
1166,2,VOLDATAH,5a67c1cc2525b9997591ae5a,\HOME\SMSN,1024000000
1167,2,VOLDATAH,5a67c1cc2525b9997591ae5c,\HOME\NRIS,1024000000
1168,2,VOLDATAH,5a67c1cc2525b9997591ae5e,\HOME\STRSE01,1024000000
1169,2,VOLDATAH,5a67c1cc2525b9997591ae60,\HOME\FMQT,1024000000
1170,2,VOLDATAH,5a67c1cc2525b9997591ae62,\HOME\MAGRD,1024000000
1171,2,VOLDATAH,5a67c1cc2525b9997591ae64,\HOME\MAGSR,1024000000
1172,2,VOLDATAH,5a67c1cc2525b9997591ae66,\HOME\CDVR,1024000000
1173,2,VOLDATAH,5a67c1cc2525b9997591ae68,\HOME\SMEI,1024000000
1174,2,VOLDATAH,5a67c1cc2525b9997591ae6a,\HOME\SDDE,1024000000
1175,2,VOLDATAH,5a67c1cc2525b9997591ae6c,\HOME\RJHN,1024000000
1176,2,VOLDATAH,5a67c1cc2525b9997591ae6e,\HOME\AHNA,1024000000
1177,2,VOLDATAH,5a67c1cc2525b9997591ae70,\HOME\DDBS,1024000000
1178,2,VOLDATAH,5a67c1cc2525b9997591ae72,\HOME\PBAR,1024000000
1179,2,VOLDATAH,5a67c1cc2525b9997591ae74,\HOME\KGQ269,1024000000
1180,2,VOLDATAH,5a67c1cc2525b9997591ae76,\HOME\STDMAT10,1024000000
1181,2,VOLDATAH,5a67c1cc2525b9997591ae78,\HOME\SVIR,1024000000
1182,2,VOLDATAH,5a67c1cc2525b9997591ae7a,\HOME\MAGSR2,1024000000
1183,2,VOLDATAH,5a67c1cc2525b9997591ae7c,\HOME\CBIE,1024000000
1184,2,VOLDATAH,5a67c1cc2525b9997591ae7e,\HOME\ASSIB04,1024000000
1185,2,VOLDATAH,5a67c1cc2525b9997591ae80,\HOME\ASSDSI,1024000000
1186,2,VOLDATAH,5a67c1cc2525b9997591ae82,\HOME\BHBT,1024000000
1187,2,VOLDATAH,5a67c1cc2525b9997591ae84,\HOME\MDCS,1024000000
1188,2,VOLDATAH,5a67c1cc2525b9997591ae86,\HOME\GCER,1024000000
1189,2,VOLDATAH,5a67c1cc2525b9997591ae88,\HOME\MCPN,1024000000
1190,2,VOLDATAH,5a67c1cc2525b9997591ae8a,\HOME\AOST,4096000000
1191,2,VOLDATAH,5a67c1cc2525b9997591ae8c,\HOME\SBLN,1024000000
1192,2,VOLDATAH,5a67c1cc2525b9997591ae8e,\HOME\XBSA,1024000000
1193,2,VOLDATAH,5a67c1cc2525b9997591ae90,\HOME\SFLT,1024000000
1194,2,VOLDATAH,5a67c1cc2525b9997591ae92,\HOME\CRAO,1024000000
1195,2,VOLDATAH,5a67c1cc2525b9997591ae94,\HOME\PLSU,1024000000
1196,2,VOLDATAH,5a67c1cc2525b9997591ae96,\HOME\RBOH,1024000000
1197,2,VOLDATAH,5a67c1cc2525b9997591ae98,\HOME\NNLI,1024000000
1198,2,VOLDATAH,5a67c1cc2525b9997591ae9a,\HOME\CBCT,1024000000
1199,2,VOLDATAH,5a67c1cc2525b9997591ae9c,\HOME\JMCR,1024000000
1200,2,VOLDATAH,5a67c1cc2525b9997591ae9e,\HOME\JBNA,1024000000
1201,2,VOLDATAH,5a67c1cc2525b9997591aea0,\HOME\ASLE,1024000000
1202,2,VOLDATAH,5a67c1cc2525b9997591aea2,\HOME\JHRN,1024000000
1203,2,VOLDATAH,5a67c1cc2525b9997591aea4,\HOME\OSNT,1024000000
1204,2,VOLDATAH,5a67c1cc2525b9997591aea6,\HOME\MBTX,1024000000
1205,2,VOLDATAH,5a67c1cc2525b9997591aea8,\HOME\FMSOPS,1048576000
1206,2,VOLDATAH,5a67c1cc2525b9997591aeaa,\HOME\NBRY,1024000000
1207,2,VOLDATAH,5a67c1cc2525b9997591aeac,\HOME\NSGT,1024000000
1208,2,VOLDATAH,5a67c1cc2525b9997591aeae,\HOME\LS6DSI,1024000000
1209,2,VOLDATAH,5a67c1cc2525b9997591aeb0,\HOME\GPZA,1024000000
1210,2,VOLDATAH,5a67c1cc2525b9997591aeb2,\HOME\ALBY,1024000000
1211,2,VOLDATAH,5a67c1cc2525b9997591aeb4,\HOME\MHBT,1024000000
1212,2,VOLDATAH,5a67c1cc2525b9997591aeb6,\HOME\SPHN,1024000000
1213,2,VOLDATAH,5a67c1cc2525b9997591aeb8,\HOME\AFOH,1024000000
1214,2,VOLDATAH,5a67c1cc2525b9997591aeba,\HOME\NLEC,1024000000
1215,2,VOLDATAH,5a67c1cc2525b9997591aebc,\HOME\SBTE,1024000000
1216,2,VOLDATAH,5a67c1cc2525b9997591aebe,\HOME\CTEA,1024000000
1217,2,VOLDATAH,5a67c1cc2525b9997591aec0,\HOME\ATOS,1024000000
1218,2,VOLDATAH,5a67c1cc2525b9997591aec2,\HOME\LecteurLille,1024000000
1219,2,VOLDATAH,5a67c1cc2525b9997591aec4,\HOME\DRHGRP,1073741824
1220,2,VOLDATAH,5a67c1cc2525b9997591aec6,\HOME\GGUE,4096
1221,2,VOLDATAH,5a67c1cc2525b9997591aec8,\HOME\STBMR14,1024000000
1222,2,VOLDATAH,5a67c1cc2525b9997591aeca,\HOME\KBBI,1024000000
1223,2,VOLDATAH,5a67c1cc2525b9997591aecc,\HOME\GGDI,1073741824
1224,2,VOLDATAH,5a67c1cc2525b9997591aece,\HOME\VSLU,1024000000
1225,2,VOLDATAH,5a67c1cc2525b9997591aed0,\HOME\CBVT,1024000000
1226,2,VOLDATAH,5a67c1cc2525b9997591aed2,\HOME\PLBO2,1024000000
1227,2,VOLDATAH,5a67c1cc2525b9997591aed4,\HOME\MKVN,1024000000
1228,2,VOLDATAH,5a67c1cc2525b9997591aed6,\HOME\TOCE,1048576000000
1229,2,VOLDATAH,5a67c1cc2525b9997591aed8,\HOME\HBHY,1048576000000
1230,2,VOLDATAH,5a67c1cc2525b9997591aeda,\HOME\TST_MSG1,1024000000
1231,2,VOLDATAH,5a67c1cc2525b9997591aedc,\HOME\ANUI,1024000000
1232,2,VOLDATAH,5a67c1cc2525b9997591aede,\HOME\TST_MSG2,1024000000
1233,2,VOLDATAH,5a67c1cc2525b9997591aee0,\HOME\TST_MSG3,1024000000
1234,2,VOLDATAH,5a67c1cc2525b9997591aee2,\HOME\TST_MSG4,1024000000
1235,2,VOLDATAH,5a67c1cc2525b9997591aee4,\HOME\TST_MSG5,1024000000
1236,2,VOLDATAH,5a67c1cc2525b9997591aee6,\HOME\TST_SPC0,1024000000
1237,2,VOLDATAH,5a67c1cc2525b9997591aee8,\HOME\TST_SPC1,1024000000
1238,2,VOLDATAH,5a67c1cc2525b9997591aeea,\HOME\TST_SPC2,1024000000
1239,2,VOLDATAH,5a67c1cc2525b9997591aeec,\HOME\TST_SPC3,1024000000
1240,2,VOLDATAH,5a67c1cc2525b9997591aeee,\HOME\TST_SPC4,1024000000
1241,2,VOLDATAH,5a67c1cc2525b9997591aef0,\HOME\TST_SPC5,1024000000
1242,2,VOLDATAH,5a67c1cc2525b9997591aef2,\HOME\TST_SPC6,1024000000
1243,2,VOLDATAH,5a67c1cc2525b9997591aef4,\HOME\TST_SPC7,1024000000
1244,2,VOLDATAH,5a67c1cc2525b9997591aef6,\HOME\TST_SPC8,1024000000
1245,2,VOLDATAH,5a67c1cc2525b9997591aef8,\HOME\TST_SPC9,1024000000
1246,2,VOLDATAH,5a67c1cc2525b9997591aefa,\HOME\TST_GLB0,1024000000
1247,2,VOLDATAH,5a67c1cc2525b9997591aefc,\HOME\TST_GLB1,1024000000
1248,2,VOLDATAH,5a67c1cc2525b9997591aefe,\HOME\TST_GLB2,1024000000
1249,2,VOLDATAH,5a67c1cc2525b9997591af00,\HOME\TST_GLB3,1024000000
1250,2,VOLDATAH,5a67c1cc2525b9997591af02,\HOME\TST_GLB4,1024000000
1251,2,VOLDATAH,5a67c1cc2525b9997591af04,\HOME\TST_GLB5,1024000000
1252,2,VOLDATAH,5a67c1cc2525b9997591af06,\HOME\TST_GLB6,1024000000
1253,2,VOLDATAH,5a67c1cc2525b9997591af08,\HOME\TST_GLB7,1024000000
1254,2,VOLDATAH,5a67c1cc2525b9997591af0a,\HOME\TST_GLB8,1024000000
1255,2,VOLDATAH,5a67c1cc2525b9997591af0c,\HOME\TST_GLB9,1024000000
1256,2,VOLDATAH,5a67c1cc2525b9997591af0e,\HOME\VDVE,1024000000
1257,2,VOLDATAH,5a67c1cc2525b9997591af10,\HOME\FORMCNEWS1,1024000000
1258,2,VOLDATAH,5a67c1cc2525b9997591af12,\HOME\FORMCNEWS2,1024000000
1259,2,VOLDATAH,5a67c1cc2525b9997591af14,\HOME\FORMCNEWS3,1024000000
1260,2,VOLDATAH,5a67c1cc2525b9997591af16,\HOME\FORMCNEWS4,1024000000
1261,2,VOLDATAH,5a67c1cc2525b9997591af18,\HOME\FORMCNEWS5,1024000000
1262,2,VOLDATAH,5a67c1cc2525b9997591af1a,\HOME\FORMCNEWS6,1024000000
1263,2,VOLDATAH,5a67c1cc2525b9997591af1c,\HOME\FORMCNEWS7,1024000000
1264,2,VOLDATAH,5a67c1cc2525b9997591af1e,\HOME\FORMCNEWS8,1024000000
1265,2,VOLDATAH,5a67c1cc2525b9997591af20,\HOME\FORMCNEWS9,1024000000
1266,2,VOLDATAH,5a67c1cc2525b9997591af22,\HOME\FORMCNEWS10,1024000000
1267,2,VOLDATAH,5a67c1cc2525b9997591af24,\HOME\FORMCNEWS11,1024000000
1268,2,VOLDATAH,5a67c1cc2525b9997591af26,\HOME\FORMCNEWS12,1024000000
1269,2,VOLDATAH,5a67c1cc2525b9997591af28,\HOME\RDOT,1024000000
1270,2,VOLDATAH,5a67c1cc2525b9997591af2a,\HOME\KUJ972,1024000000
1271,2,VOLDATAH,5a67c1cc2525b9997591af2c,\HOME\ASTA,1024000000
1272,2,VOLDATAH,5a67c1cc2525b9997591af2e,\HOME\VVRE,1024000000
1273,2,VOLDATAH,5a67c1cc2525b9997591af30,\HOME\AGAS,1024000000
1274,2,VOLDATAH,5a67c1cc2525b9997591af32,\HOME\MDNN,1024000000
1275,2,VOLDATAH,5a67c1cc2525b9997591af34,\HOME\SZK673,1023410176
1276,2,VOLDATAH,5a67c1cc2525b9997591af36,\HOME\MCOE,1073741824
1277,2,VOLDATAH,5a67c1cc2525b9997591af38,\HOME\CMK289,1024000000
1278,2,VOLDATAH,5a67c1cc2525b9997591af3a,\HOME\INU445,1024000000
1279,2,VOLDATAH,5a67c1cc2525b9997591af3c,\HOME\KYM161,1024000000
1280,2,VOLDATAH,5a67c1cc2525b9997591af3e,\HOME\FTN475,1024000000
1281,2,VOLDATAH,5a67c1cc2525b9997591af40,\HOME\ICX740,1024000000
1282,2,VOLDATAH,5a67c1cc2525b9997591af42,\HOME\WJW840,1024000000
1283,2,VOLDATAH,5a67c1cc2525b9997591af44,\HOME\KAE772,1024000000
1284,2,VOLDATAH,5a67c1cc2525b9997591af46,\HOME\LUF961,1024000000
1285,2,VOLDATAH,5a67c1cc2525b9997591af48,\HOME\SZK673,1024000000
1286,2,VOLDATAH,5a67c1cc2525b9997591af4a,\HOME\TQZ615,1024000000
1287,2,VOLDATAH,5a67c1cc2525b9997591af4c,\HOME\ABD688,1024000000
1288,2,VOLDATAH,5a67c1cc2525b9997591af4e,\HOME\NXV923,1024000000
1289,2,VOLDATAH,5a67c1cc2525b9997591af50,\HOME\WJH664,1024000000
1290,2,VOLDATAH,5a67c1cc2525b9997591af52,\HOME\FGB344,1024000000
1291,2,VOLDATAH,5a67c1cc2525b9997591af54,\HOME\OMJ895,1024000000
1292,2,VOLDATAH,5a67c1cc2525b9997591af56,\HOME\DTW950,1024000000
1293,2,VOLDATAH,5a67c1cc2525b9997591af58,\HOME\NIT194,1048576000
1294,2,VOLDATAH,5a67c1cc2525b9997591af5a,\HOME\UOQ279,1024000000
1295,2,VOLDATAH,5a67c1cc2525b9997591af5c,\HOME\FSM396,1024000000
1296,2,VOLDATAH,5a67c1cc2525b9997591af5e,\HOME\GZA059,1024000000
1297,2,VOLDATAH,5a67c1cc2525b9997591af60,\HOME\KYX778,1024000000
1298,2,VOLDATAH,5a67c1cc2525b9997591af62,\HOME\VTW260,1048576000
1299,2,VOLDATAH,5a67c1cc2525b9997591af64,\HOME\QHW928,1023410176
1300,2,VOLDATAH,5a67c1cc2525b9997591af66,\HOME\PAG908,1048576000
1301,2,VOLDATAH,5a67c1cc2525b9997591af68,\HOME\SVS425,1048576000
1302,2,VOLDATAH,5a67c1cc2525b9997591af6a,\HOME\LIA769,10485760000
1303,2,VOLDATAH,5a67c1cc2525b9997591af6c,\HOME\GIJ314,1048576000
1304,2,VOLDATAH,5a67c1cc2525b9997591af6e,\HOME\MXF745,1024000000
1305,2,VOLDATAH,5a67c1cc2525b9997591af70,\HOME\MLB648,1024000000
1306,2,VOLDATAH,5a67c1cc2525b9997591af72,\HOME\GJI314,1024000000
1307,2,VOLDATAH,5a67c1cc2525b9997591af74,\HOME\RPE494,1024000000
1308,2,VOLDATAH,5a67c1cc2525b9997591af76,\HOME\MCV248,1048576000
1309,2,VOLDATAH,5a67c1cc2525b9997591af78,\HOME\MIE466,1024000000
1310,2,VOLDATAH,5a67c1cc2525b9997591af7a,\HOME\INB818,10485760000
1311,2,VOLDATAH,5a67c1cc2525b9997591af7c,\HOME\CJO183,10485760000
1312,2,VOLDATAH,5a67c1cc2525b9997591af7e,\HOME\HMZ801,1024000000
1313,2,VOLDATAH,5a67c1cc2525b9997591af80,\HOME\YBS513,1024000000
1314,2,VOLDATAH,5a67c1cc2525b9997591af82,\HOME\NYS113,1024000000
1315,2,VOLDATAH,5a67c1cc2525b9997591af84,\HOME\RIN496,102400000
1316,2,VOLDATAH,5a67c1cc2525b9997591af86,\HOME\AWZ232,1024000000
1317,2,VOLDATAH,5a67c1cc2525b9997591af88,\HOME\AKZ523,10485760000
1318,2,VOLDATAH,5a67c1cc2525b9997591af8a,\HOME\FAF643,1024000000
1319,2,VOLDATAH,5a67c1cc2525b9997591af8c,\HOME\MOB117,10485760000
1320,2,VOLDATAH,5a67c1cc2525b9997591af8e,\HOME\UGX760,10485760000
1321,2,VOLDATAH,5a67c1cc2525b9997591af90,\HOME\SDZ970,10485760000
1322,2,VOLDATAH,5a67c1cc2525b9997591af92,\HOME\OPX648,10485760000
1323,2,VOLDATAH,5a67c1cc2525b9997591af94,\HOME\BSJ454,10485760000
1324,2,VOLDATAH,5a67c1cc2525b9997591af96,\HOME\XSQ881,1024000000
